environment,file,label,F0semitoneFrom27.5Hz_sma3nz_amean,F0semitoneFrom27.5Hz_sma3nz_stddevNorm,F0semitoneFrom27.5Hz_sma3nz_percentile20.0,F0semitoneFrom27.5Hz_sma3nz_percentile50.0,F0semitoneFrom27.5Hz_sma3nz_percentile80.0,F0semitoneFrom27.5Hz_sma3nz_pctlrange0-2,F0semitoneFrom27.5Hz_sma3nz_meanRisingSlope,F0semitoneFrom27.5Hz_sma3nz_stddevRisingSlope,F0semitoneFrom27.5Hz_sma3nz_meanFallingSlope,F0semitoneFrom27.5Hz_sma3nz_stddevFallingSlope,loudness_sma3_amean,loudness_sma3_stddevNorm,loudness_sma3_percentile20.0,loudness_sma3_percentile50.0,loudness_sma3_percentile80.0,loudness_sma3_pctlrange0-2,loudness_sma3_meanRisingSlope,loudness_sma3_stddevRisingSlope,loudness_sma3_meanFallingSlope,loudness_sma3_stddevFallingSlope,spectralFlux_sma3_amean,spectralFlux_sma3_stddevNorm,mfcc1_sma3_amean,mfcc1_sma3_stddevNorm,mfcc2_sma3_amean,mfcc2_sma3_stddevNorm,mfcc3_sma3_amean,mfcc3_sma3_stddevNorm,mfcc4_sma3_amean,mfcc4_sma3_stddevNorm,jitterLocal_sma3nz_amean,jitterLocal_sma3nz_stddevNorm,shimmerLocaldB_sma3nz_amean,shimmerLocaldB_sma3nz_stddevNorm,HNRdBACF_sma3nz_amean,HNRdBACF_sma3nz_stddevNorm,logRelF0-H1-H2_sma3nz_amean,logRelF0-H1-H2_sma3nz_stddevNorm,logRelF0-H1-A3_sma3nz_amean,logRelF0-H1-A3_sma3nz_stddevNorm,F1frequency_sma3nz_amean,F1frequency_sma3nz_stddevNorm,F1bandwidth_sma3nz_amean,F1bandwidth_sma3nz_stddevNorm,F1amplitudeLogRelF0_sma3nz_amean,F1amplitudeLogRelF0_sma3nz_stddevNorm,F2frequency_sma3nz_amean,F2frequency_sma3nz_stddevNorm,F2bandwidth_sma3nz_amean,F2bandwidth_sma3nz_stddevNorm,F2amplitudeLogRelF0_sma3nz_amean,F2amplitudeLogRelF0_sma3nz_stddevNorm,F3frequency_sma3nz_amean,F3frequency_sma3nz_stddevNorm,F3bandwidth_sma3nz_amean,F3bandwidth_sma3nz_stddevNorm,F3amplitudeLogRelF0_sma3nz_amean,F3amplitudeLogRelF0_sma3nz_stddevNorm,alphaRatioV_sma3nz_amean,alphaRatioV_sma3nz_stddevNorm,hammarbergIndexV_sma3nz_amean,hammarbergIndexV_sma3nz_stddevNorm,slopeV0-500_sma3nz_amean,slopeV0-500_sma3nz_stddevNorm,slopeV500-1500_sma3nz_amean,slopeV500-1500_sma3nz_stddevNorm,spectralFluxV_sma3nz_amean,spectralFluxV_sma3nz_stddevNorm,mfcc1V_sma3nz_amean,mfcc1V_sma3nz_stddevNorm,mfcc2V_sma3nz_amean,mfcc2V_sma3nz_stddevNorm,mfcc3V_sma3nz_amean,mfcc3V_sma3nz_stddevNorm,mfcc4V_sma3nz_amean,mfcc4V_sma3nz_stddevNorm,alphaRatioUV_sma3nz_amean,hammarbergIndexUV_sma3nz_amean,slopeUV0-500_sma3nz_amean,slopeUV500-1500_sma3nz_amean,spectralFluxUV_sma3nz_amean,loudnessPeaksPerSec,VoicedSegmentsPerSec,MeanVoicedSegmentLengthSec,StddevVoicedSegmentLengthSec,MeanUnvoicedSegmentLength,StddevUnvoicedSegmentLength,equivalentSoundLevel_dBp
outside,happy_1.wav,happy,20.869915008544922,0.47885531187057495,14.156013488769531,16.47879981994629,31.387048721313477,17.231035232543945,195.05325317382812,412.6131896972656,169.77484130859375,125.00643920898438,0.9854325652122498,0.7763262391090393,0.43016815185546875,0.6271449327468872,1.6215858459472656,1.1914176940917969,16.307214736938477,7.781797409057617,14.883028984069824,6.237258434295654,1.3695908784866333,1.0174559354782104,36.871002197265625,0.23900631070137024,3.8848328590393066,3.0809381008148193,3.6166720390319824,3.059828758239746,2.279179573059082,7.007423400878906,0.12799207866191864,1.1322826147079468,1.7656173706054688,0.6562650799751282,-1.8321359157562256,-3.067380428314209,1.3235116004943848,19.46131134033203,24.623016357421875,0.9828974008560181,719.4130859375,0.2565535604953766,1366.9737548828125,0.1527281552553177,-42.074913024902344,-1.303389549255371,1662.3941650390625,0.14581814408302307,1115.760986328125,0.25868144631385803,-49.419151306152344,-1.0209476947784424,2827.638671875,0.11867998540401459,961.8412475585938,0.41690793633461,-59.12687301635742,-0.7973390817642212,-17.11371612548828,-0.4249770939350128,32.06672668457031,0.23847410082817078,-0.039583515375852585,-0.8739852905273438,-0.013964981772005558,-0.8577109575271606,1.4623695611953735,0.9986416101455688,37.393978118896484,0.23960091173648834,4.342538833618164,2.770615816116333,3.523479700088501,3.295905351638794,1.5224837064743042,10.971116065979004,-15.157174110412598,29.145893096923828,-0.05066942051053047,-0.008717549033463001,0.917772114276886,2.127659559249878,3.896104097366333,0.2133333384990692,0.22420229017734528,0.035999998450279236,0.02576819807291031,-19.494583129882812
outside,happy_13.wav,happy,27.118566513061523,0.37897154688835144,15.393534660339355,29.98531723022461,37.434818267822266,22.041282653808594,310.9863586425781,435.61090087890625,95.93135833740234,62.113121032714844,1.2049646377563477,0.9520882964134216,0.19582416117191315,0.7813448905944824,2.1734817028045654,1.9776575565338135,26.950037002563477,15.130949020385742,21.62088394165039,14.044610977172852,1.2633873224258423,1.0283362865447998,40.256221771240234,0.37448403239250183,7.814957618713379,1.8277475833892822,5.827256679534912,2.279632329940796,4.370122909545898,3.9045212268829346,0.10205507278442383,1.5886139869689941,1.4154845476150513,0.9632964134216309,3.522697687149048,2.2149834632873535,14.41933536529541,1.3561376333236694,38.46152114868164,0.3353438079357147,747.7935180664062,0.22755876183509827,1362.3720703125,0.16864731907844543,-36.45796203613281,-1.2954227924346924,1722.4310302734375,0.13563328981399536,1006.6400146484375,0.3275489807128906,-44.630611419677734,-0.9764263033866882,2917.713134765625,0.10179983824491501,913.2919311523438,0.37779656052589417,-56.734073638916016,-0.6985374093055725,-21.770307540893555,-0.3849121928215027,35.99107360839844,0.2667441666126251,0.010184717364609241,6.288802623748779,-0.018605131655931473,-0.626658022403717,1.3273100852966309,1.0030512809753418,42.47230911254883,0.2563260793685913,6.786294460296631,1.9690190553665161,5.957692623138428,2.273047685623169,3.2769036293029785,5.31067419052124,-10.936264991760254,18.61493682861328,-0.022628987208008766,-0.011293881572782993,0.6793370842933655,2.8526148796081543,1.7599999904632568,0.5136363506317139,0.4274081289768219,0.042500000447034836,0.016393596306443214,-16.460744857788086
outside,happy_14.wav,happy,31.569881439208984,0.34840235114097595,16.930326461791992,36.14608383178711,41.21510314941406,24.28477668762207,268.5531921386719,441.5213928222656,367.10577392578125,834.515869140625,1.3510011434555054,0.8221573829650879,0.13699330389499664,1.317476749420166,2.4276580810546875,2.2906646728515625,18.229393005371094,13.717321395874023,18.126861572265625,8.792847633361816,1.2241628170013428,1.0050530433654785,33.497215270996094,0.44304442405700684,12.126871109008789,1.0536375045776367,0.6802918910980225,18.582502365112305,-9.589163780212402,-1.8451507091522217,0.06296315789222717,1.9220374822616577,1.2059284448623657,1.0074130296707153,6.2961931228637695,1.198983907699585,10.864469528198242,1.6388636827468872,33.5993766784668,0.4255973696708679,785.6193237304688,0.1775192767381668,1251.650390625,0.18891571462154388,-37.62821578979492,-1.404860258102417,1781.8319091796875,0.13569994270801544,940.7836303710938,0.3733137249946594,-47.563777923583984,-1.0084751844406128,3077.318115234375,0.09446550160646439,807.7927856445312,0.5271831154823303,-57.86579132080078,-0.7670667767524719,-21.186166763305664,-0.3848409354686737,35.557281494140625,0.28805768489837646,0.015683386474847794,3.86816143989563,-0.023315533995628357,-0.5271052122116089,1.326441764831543,0.9449864029884338,36.05083084106445,0.321275919675827,10.917661666870117,1.1526079177856445,-0.08495409786701202,-152.14234924316406,-11.03772258758545,-1.6078886985778809,-12.893774032592773,23.42144203186035,-0.030620571225881577,-0.009208433330059052,0.4928407073020935,2.857142925262451,1.4492753744125366,0.6150000095367432,0.4446253180503845,0.06400000303983688,0.04317406564950943,-17.460779190063477
outside,happy_15.wav,happy,26.242218017578125,0.39572980999946594,16.139299392700195,20.590499877929688,37.51531219482422,21.376012802124023,116.39424896240234,84.73538970947266,119.09239959716797,92.5418701171875,0.974506676197052,1.0021463632583618,0.1674543023109436,0.39831602573394775,2.0110881328582764,1.8436338901519775,19.111591339111328,11.696444511413574,20.41495132446289,11.778101921081543,1.1426141262054443,1.2775672674179077,35.96772766113281,0.4306935667991638,12.92982292175293,0.8050717711448669,-1.3210994005203247,-8.006836891174316,-5.915098667144775,-2.8595871925354004,0.0879959762096405,1.576626181602478,1.651700496673584,0.9339168071746826,2.5549557209014893,3.0502331256866455,5.805009365081787,3.3800156116485596,34.21954345703125,0.5393784642219543,704.39111328125,0.21596504747867584,1365.1217041015625,0.18527893722057343,-46.0770378112793,-1.2982224225997925,1722.41064453125,0.16148671507835388,1036.03662109375,0.3275217115879059,-57.03282928466797,-0.9513501524925232,2920.078857421875,0.12364227324724197,1016.2362060546875,0.4237937927246094,-66.78784942626953,-0.7575299143791199,-22.014156341552734,-0.3423493802547455,35.93817138671875,0.25572556257247925,0.011660948395729065,5.048121929168701,-0.024369094520807266,-0.4950536787509918,1.2568086385726929,1.231981873512268,39.22199630737305,0.2862353026866913,12.216633796691895,0.7812882661819458,-0.8079085350036621,-13.294964790344238,-7.07051944732666,-2.5130906105041504,-11.589025497436523,23.685667037963867,-0.018308082595467567,-0.012046431191265583,0.5741759538650513,2.681992530822754,2.3346304893493652,0.3566666841506958,0.30847296118736267,0.056999996304512024,0.03132091835141182,-17.674402236938477
outside,happy_16.wav,happy,27.176708221435547,0.4078690707683563,16.30254554748535,21.743694305419922,39.56670379638672,23.264158248901367,205.23641967773438,237.68455505371094,137.0229034423828,126.87284851074219,1.1590521335601807,1.0784173011779785,0.19172203540802002,0.42518749833106995,2.1678378582000732,1.9761158227920532,33.625152587890625,17.699195861816406,22.856916427612305,15.154833793640137,1.397228479385376,1.1671779155731201,35.88493347167969,0.3833596408367157,12.68453311920166,1.0748668909072876,-1.4876389503479004,-10.15215015411377,-2.2012391090393066,-7.24714469909668,0.0969715490937233,1.3547061681747437,1.739087462425232,0.7868615388870239,2.806666851043701,2.5408143997192383,5.551516056060791,3.815962553024292,33.30549240112305,0.5275961756706238,731.0850830078125,0.2313467264175415,1395.51318359375,0.19016726315021515,-41.75912094116211,-1.349880337715149,1702.0679931640625,0.13941119611263275,1078.5694580078125,0.36046311259269714,-50.60432815551758,-1.0014621019363403,3001.283203125,0.13841480016708374,906.2809448242188,0.48678305745124817,-62.299652099609375,-0.7367439866065979,-21.686473846435547,-0.43623384833335876,36.21255111694336,0.2779088616371155,-0.006678218021988869,-9.278002738952637,-0.020030763000249863,-0.46157893538475037,1.5161914825439453,1.1228574514389038,38.239986419677734,0.2800808250904083,10.923331260681152,1.1598749160766602,-1.527799367904663,-10.27953815460205,-2.940398693084717,-5.726035118103027,-14.140676498413086,24.754465103149414,-0.022076895460486412,-0.013265404850244522,0.678037703037262,3.426124095916748,2.3861169815063477,0.36181819438934326,0.2379388064146042,0.05285714194178581,0.028642768040299416,-17.575197219848633
outside,happy_17.wav,happy,24.1608943939209,0.43027544021606445,15.3587646484375,19.098594665527344,37.687381744384766,22.328617095947266,165.24423217773438,92.49713897705078,162.51583862304688,134.7668914794922,1.0892122983932495,0.9467381834983826,0.22769415378570557,0.5365556478500366,2.163419246673584,1.9357250928878784,21.338397979736328,13.088958740234375,21.024646759033203,14.335776329040527,1.6394639015197754,0.8301473259925842,37.70966720581055,0.30201417207717896,17.29497718811035,0.9505788087844849,11.922282218933105,1.5167458057403564,9.323294639587402,1.5926604270935059,0.13905681669712067,1.2968062162399292,1.797019362449646,0.7934356331825256,0.2650916576385498,26.593957901000977,7.949005603790283,2.7568225860595703,39.704376220703125,0.4569112956523895,601.501220703125,0.3260047733783722,1342.231201171875,0.19798405468463898,-39.738128662109375,-1.282881498336792,1640.9140625,0.10706473886966705,1117.8104248046875,0.33483758568763733,-53.77043151855469,-0.8734684586524963,2781.20166015625,0.10228151828050613,954.280517578125,0.41221848130226135,-63.62735366821289,-0.6712584495544434,-27.185251235961914,-0.4455776810646057,41.60556411743164,0.2745925486087799,-0.04553043097257614,-1.431815505027771,-0.01606808230280876,-0.6091212630271912,1.706807255744934,0.8094003200531006,39.25785827636719,0.2203603833913803,16.28959083557129,0.9911982417106628,12.519963264465332,1.4674314260482788,9.232345581054688,1.6703565120697021,-20.333738327026367,30.15920066833496,-0.037135981023311615,-0.016553381457924843,1.1999062299728394,3.5315983295440674,2.2556393146514893,0.3933333158493042,0.22261077165603638,0.07000000029802322,0.053851645439863205,-17.792327880859375
outside,happy_18.wav,happy,29.52694320678711,0.3877393901348114,15.552690505981445,34.39778137207031,39.47926712036133,23.926576614379883,132.5674591064453,132.20211791992188,117.91890716552734,80.0025634765625,1.1540782451629639,0.9101146459579468,0.10510477423667908,0.685436487197876,2.308486223220825,2.2033815383911133,21.420326232910156,12.127260208129883,17.916385650634766,9.891908645629883,1.2042394876480103,1.2323307991027832,36.95578384399414,0.3063947260379791,10.659875869750977,1.085922360420227,1.213922142982483,9.236199378967285,-0.5553976893424988,-28.094066619873047,0.07412496954202652,1.97384774684906,1.0092735290527344,0.9157068729400635,5.206313133239746,1.4882301092147827,13.50848388671875,1.5890926122665405,38.76250076293945,0.3345266580581665,736.007080078125,0.23750288784503937,1319.3436279296875,0.17791327834129333,-58.8059196472168,-1.1958574056625366,1721.801025390625,0.1418313831090927,1008.34619140625,0.3183416426181793,-66.34375,-0.9608210921287537,2989.21337890625,0.1284031718969345,891.9055786132812,0.3733688294887543,-77.0803451538086,-0.756351113319397,-22.044340133666992,-0.37997156381607056,35.64110565185547,0.26166480779647827,0.012224202044308186,5.2547760009765625,-0.022505156695842743,-0.5831136703491211,1.4348714351654053,1.097450852394104,39.2119140625,0.2754836082458496,9.779353141784668,1.26981782913208,-0.4124683737754822,-27.614736557006836,-4.062841415405273,-3.834272623062134,-21.197284698486328,33.52496337890625,-0.04160377383232117,-0.008443394675850868,0.4264533221721649,3.5714287757873535,3.6231884956359863,0.20933331549167633,0.3103431761264801,0.05230769142508507,0.032852545380592346,-17.43924903869629
outside,happy_19.wav,happy,24.658843994140625,0.38390952348709106,16.18419075012207,20.0152645111084,35.07517623901367,18.8909854888916,191.350341796875,101.48295593261719,137.1953582763672,125.6351089477539,1.0417147874832153,0.8533358573913574,0.23967599868774414,0.7060310244560242,1.8252811431884766,1.5856051445007324,13.019734382629395,9.233454704284668,12.561785697937012,7.07313871383667,1.4600402116775513,0.7804017663002014,36.782352447509766,0.3332074284553528,18.139781951904297,0.7538886666297913,7.368311882019043,1.7163492441177368,3.49035906791687,3.8984549045562744,0.15980713069438934,1.2157926559448242,1.7206168174743652,0.7272881865501404,0.43108078837394714,13.112715721130371,11.571069717407227,1.8033229112625122,39.95437240600586,0.3093346953392029,718.2373657226562,0.21857117116451263,1363.963623046875,0.19772645831108093,-37.472442626953125,-1.3460235595703125,1769.9610595703125,0.13506540656089783,1031.767822265625,0.4215985834598541,-49.74628448486328,-0.9227137565612793,3008.98095703125,0.10094328224658966,958.4478759765625,0.42246273159980774,-60.23381042480469,-0.7046626806259155,-25.036779403686523,-0.33644622564315796,37.84526062011719,0.2653958797454834,-0.038902610540390015,-1.1376683712005615,-0.02319885417819023,-0.4303557872772217,1.595247745513916,0.696782112121582,38.972774505615234,0.2563481032848358,17.59842872619629,0.7453055381774902,7.890039920806885,1.6442289352416992,2.8330795764923096,4.9913482666015625,-19.844022750854492,30.56200408935547,-0.03776446357369423,-0.0111183887347579,0.44578665494918823,2.477477550506592,1.1467889547348022,0.7879999876022339,0.7220082879066467,0.09999999403953552,0.07118052244186401,-19.223512649536133
outside,happy_2.wav,happy,24.242218017578125,0.40731924772262573,14.360369682312012,19.77167510986328,36.16025924682617,21.799888610839844,155.46311950683594,116.80180358886719,381.5769958496094,825.954345703125,1.0928616523742676,0.6721487045288086,0.4849890470504761,0.7634087800979614,1.738903284072876,1.2539142370224,17.06574249267578,13.449024200439453,15.60649585723877,11.249076843261719,1.0281885862350464,0.9593269228935242,32.355045318603516,0.4083106517791748,5.301366329193115,2.1080610752105713,6.640163898468018,1.7061339616775513,-1.5834574699401855,-10.503437042236328,0.09010936319828033,1.6472246646881104,1.7712385654449463,0.7646772861480713,0.766033947467804,9.758825302124023,10.352250099182129,2.791189193725586,25.84873390197754,0.8399401307106018,621.33984375,0.2931634485721588,1399.518310546875,0.14563755691051483,-60.316795349121094,-1.217420220375061,1580.8154296875,0.17213204503059387,1144.7186279296875,0.36716991662979126,-66.16866302490234,-1.030493974685669,2679.58740234375,0.11671271175146103,970.065673828125,0.39986225962638855,-73.37064361572266,-0.8788638114929199,-17.066640853881836,-0.4154813587665558,29.56807518005371,0.2975546419620514,-0.01771867834031582,-2.498201370239258,-0.01639494299888611,-0.7406347393989563,1.136094570159912,0.9461749196052551,35.447547912597656,0.2773377597332001,5.639648914337158,1.8742228746414185,8.333086013793945,1.3625097274780273,-3.736921787261963,-4.685402870178223,-9.411155700683594,19.77695083618164,-0.03230692446231842,-0.009345761500298977,0.742926836013794,2.9279279708862305,2.9748284816741943,0.2507692277431488,0.2451518177986145,0.0819999948143959,0.05827520787715912,-19.85636329650879
outside,happy_20.wav,happy,28.72273826599121,0.35998228192329407,16.536182403564453,32.65446472167969,39.553993225097656,23.017810821533203,211.22640991210938,235.73025512695312,164.99546813964844,173.25173950195312,1.2654623985290527,0.9532436728477478,0.11499206721782684,0.9471988677978516,2.5118751525878906,2.396883010864258,22.664945602416992,10.063650131225586,18.244626998901367,8.670909881591797,1.2538917064666748,1.0281012058258057,33.31550216674805,0.37307122349739075,13.539113998413086,1.1050704717636108,8.217214584350586,1.6144907474517822,-8.581103324890137,-2.69966983795166,0.08972307294607162,1.5856863260269165,1.513854742050171,0.912909984588623,4.367939472198486,1.7832849025726318,10.094691276550293,2.1076037883758545,31.35178565979004,0.5013653635978699,726.323974609375,0.24035196006298065,1259.4715576171875,0.2066013067960739,-43.895790100097656,-1.3268955945968628,1846.2169189453125,0.17364373803138733,957.424072265625,0.4826745092868805,-55.827186584472656,-0.9368618130683899,2951.583251953125,0.11019483953714371,758.875,0.3531966805458069,-59.97248458862305,-0.8503046631813049,-22.544954299926758,-0.39794889092445374,32.11130142211914,0.3335212469100952,0.005625005811452866,10.529343605041504,-0.025016652420163155,-0.5365397930145264,1.4117213487625122,0.9319264888763428,35.06508255004883,0.3189085125923157,13.011773109436035,1.1629126071929932,9.131848335266113,1.478888750076294,-10.881234169006348,-2.2146947383880615,-16.287952423095703,26.312522888183594,-0.011424406431615353,-0.013270127587020397,0.37845033407211304,2.7837259769439697,2.597402572631836,0.32499998807907104,0.2933286130428314,0.06142856925725937,0.07039248198270798,-16.688718795776367
outside,happy_21.wav,happy,27.825258255004883,0.38227686285972595,15.558155059814453,31.94601821899414,38.310997009277344,22.75284194946289,422.47735595703125,779.4112548828125,108.62156677246094,89.95757293701172,1.3245688676834106,0.8493877053260803,0.273918479681015,0.8720892071723938,2.3479061126708984,2.0739877223968506,23.871076583862305,13.929213523864746,19.898710250854492,10.833062171936035,1.52816641330719,0.9836248755455017,35.94993591308594,0.4135003089904785,13.158838272094727,1.2889820337295532,3.684680938720703,3.4516701698303223,-4.1744256019592285,-2.9676284790039062,0.06297530233860016,1.3680698871612549,1.318233847618103,0.823682427406311,2.651418447494507,2.7174229621887207,7.387854099273682,2.1117823123931885,34.9466667175293,0.395498663187027,681.4434814453125,0.2787857949733734,1386.8944091796875,0.16777995228767395,-45.99396514892578,-1.412001371383667,1690.043701171875,0.17610275745391846,1099.291748046875,0.3799322843551636,-55.058109283447266,-1.0578161478042603,2875.2919921875,0.12804795801639557,931.9088745117188,0.4074258506298065,-63.82312774658203,-0.85572350025177,-21.0924129486084,-0.3898613750934601,33.30646514892578,0.30478498339653015,0.01601652055978775,3.0827748775482178,-0.023275602608919144,-0.43747103214263916,1.7123713493347168,0.9092339277267456,39.192115783691406,0.2799344062805176,10.54804515838623,1.5105212926864624,4.2650837898254395,3.08910870552063,-6.059398174285889,-2.0264315605163574,-15.970136642456055,25.163148880004883,-0.0199582576751709,-0.015292515978217125,0.6576830148696899,2.8282828330993652,2.2448978424072266,0.3690909147262573,0.32196706533432007,0.06666666269302368,0.038873009383678436,-17.38605499267578
outside,happy_3.wav,happy,22.092721939086914,0.4151814579963684,14.311714172363281,17.44759750366211,33.2360725402832,18.924358367919922,204.89613342285156,371.8854064941406,162.83103942871094,197.8489227294922,0.9955717921257019,0.7138763666152954,0.5401881337165833,0.6594457626342773,1.584589958190918,1.0444018840789795,19.483722686767578,13.379035949707031,15.995901107788086,10.967546463012695,1.0417566299438477,0.8442921042442322,37.80022430419922,0.19387798011302948,-0.14989766478538513,-62.18561935424805,2.03830885887146,4.26234769821167,3.583944797515869,4.198695659637451,0.10625235736370087,1.597380518913269,1.5758836269378662,0.7403011322021484,-0.7397492527961731,-9.88881778717041,3.2672791481018066,8.667194366455078,25.793861389160156,1.0184837579727173,711.44677734375,0.24519331753253937,1403.986328125,0.15212926268577576,-56.14216613769531,-1.1950322389602661,1628.2669677734375,0.13856691122055054,1165.0501708984375,0.26055827736854553,-61.887420654296875,-1.0213310718536377,2749.8876953125,0.11631691455841064,1030.188720703125,0.43166428804397583,-71.29399108886719,-0.8248912692070007,-16.443113327026367,-0.4071033298969269,31.225208282470703,0.2333461046218872,-0.029981344938278198,-1.6680688858032227,-0.014794583432376385,-0.8698587417602539,1.1104344129562378,0.705455482006073,38.752174377441406,0.1874048113822937,0.29778623580932617,31.485511779785156,2.0376391410827637,4.438497543334961,2.3082849979400635,7.14251184463501,-13.590852737426758,27.13330078125,-0.042228814214468,-0.008920595049858093,0.8242515921592712,2.4096386432647705,4.6875,0.1581481397151947,0.2275804728269577,0.04722222313284874,0.03379769250750542,-20.619342803955078
outside,stressed_1.wav,stressed,19.023962020874023,0.3567543923854828,14.427169799804688,16.668842315673828,21.024246215820312,6.597076416015625,150.12103271484375,112.96536254882812,175.6480712890625,188.1543426513672,1.0274722576141357,0.7085345983505249,0.49913346767425537,0.668508768081665,1.5642056465148926,1.0650721788406372,17.914941787719727,13.460001945495605,18.12701988220215,11.757563591003418,1.5418096780776978,0.70981764793396,35.68740463256836,0.33000263571739197,9.559194564819336,1.2475680112838745,5.700911521911621,1.616131067276001,3.1858744621276855,4.004242897033691,0.1330529898405075,0.9756031632423401,2.217850685119629,0.5356836915016174,-2.7784156799316406,-1.5886931419372559,8.201010704040527,3.5764803886413574,29.47282600402832,0.6728463768959045,710.76708984375,0.2744334936141968,1413.0291748046875,0.16995711624622345,-41.59739685058594,-1.4000822305679321,1657.3956298828125,0.1407904028892517,1177.1160888671875,0.21672403812408447,-50.18145751953125,-1.0676600933074951,2848.831298828125,0.10088670253753662,1029.855224609375,0.3624368906021118,-59.8831901550293,-0.8391367793083191,-19.769424438476562,-0.3181442320346832,34.56441879272461,0.2233053743839264,-0.051665011793375015,-0.619778037071228,-0.01620115526020527,-0.6041001081466675,1.6300517320632935,0.6806101202964783,37.46697998046875,0.24650071561336517,9.670042037963867,1.2094627618789673,6.588294982910156,1.3975361585617065,2.877903938293457,4.6342620849609375,-10.377569198608398,23.797508239746094,-0.0464322455227375,-0.006932518910616636,1.0291357040405273,2.6209676265716553,2.448979616165161,0.3449999988079071,0.323560893535614,0.06857142597436905,0.04421653226017952,-19.808490753173828
outside,stressed_13.wav,stressed,24.9642333984375,0.376596599817276,16.02956199645996,20.637454986572266,36.760902404785156,20.731340408325195,320.8594665527344,518.3335571289062,118.65078735351562,144.21377563476562,0.983680784702301,1.0161062479019165,0.1354319453239441,0.42554807662963867,1.8915400505065918,1.756108045578003,26.023221969604492,19.252214431762695,21.0958251953125,11.815741539001465,1.1137604713439941,1.1879090070724487,39.339271545410156,0.3660835325717926,14.021759033203125,1.0087497234344482,4.105146884918213,3.5496928691864014,2.6630780696868896,5.301949501037598,0.09892576187849045,1.4597843885421753,1.698129653930664,0.8770565390586853,1.964241623878479,3.416015863418579,10.279932975769043,2.32671856880188,38.966190338134766,0.3849061131477356,696.7228393554688,0.24346773326396942,1464.258056640625,0.1684546172618866,-35.47993087768555,-1.3956118822097778,1676.940185546875,0.1273994892835617,1092.7125244140625,0.2774583101272583,-45.986934661865234,-0.9881859421730042,2890.43359375,0.09208158403635025,1021.40966796875,0.4112609028816223,-58.813846588134766,-0.6929112076759338,-23.319536209106445,-0.3963738977909088,40.1636962890625,0.21736079454421997,-0.016105204820632935,-3.691990852355957,-0.01879967376589775,-0.5126161575317383,1.187788724899292,1.1414881944656372,41.59040832519531,0.2763154208660126,12.479466438293457,1.0571099519729614,3.675171375274658,4.1157612800598145,2.1402487754821777,6.763795375823975,-19.374256134033203,29.627681732177734,-0.0483616441488266,-0.01425851322710514,0.5415592193603516,3.3073930740356445,1.7751480340957642,0.507777750492096,0.26464977860450745,0.04833333566784859,0.015723301097750664,-18.46942710876465
outside,stressed_14.wav,stressed,27.721162796020508,0.36330392956733704,16.03427505493164,32.5140495300293,37.24921417236328,21.21493911743164,199.6439971923828,242.1409912109375,74.18527221679688,56.28099060058594,1.1927809715270996,0.9057363271713257,0.11294010281562805,0.9035484790802002,2.127061605453491,2.0141215324401855,20.176240921020508,11.417231559753418,18.749452590942383,13.290173530578613,1.0567792654037476,1.0133445262908936,38.702903747558594,0.32092222571372986,13.699910163879395,0.85356605052948,1.7163703441619873,5.454251289367676,-1.5887595415115356,-9.676137924194336,0.06425516307353973,1.9976948499679565,1.5809686183929443,0.909512460231781,5.089783191680908,1.5365397930145264,13.50846004486084,1.550377368927002,39.206207275390625,0.3687570095062256,747.245849609375,0.24178527295589447,1384.3514404296875,0.16310694813728333,-33.003326416015625,-1.4473838806152344,1731.0755615234375,0.14630065858364105,1039.1058349609375,0.2603827118873596,-43.667724609375,-1.0006154775619507,3050.031005859375,0.10736504942178726,897.52783203125,0.41830506920814514,-55.86909866333008,-0.7141737341880798,-23.73673439025879,-0.3254207372665405,38.78879165649414,0.2147241085767746,0.010946226306259632,6.455931186676025,-0.02163698524236679,-0.5326327681541443,1.1213085651397705,0.9604895710945129,40.10871505737305,0.2855466306209564,13.253952026367188,0.894334614276886,1.1603455543518066,8.16496467590332,-2.804090738296509,-5.4879889488220215,-22.14898681640625,34.25444793701172,-0.03963412344455719,-0.007627502549439669,0.4405781924724579,2.6190476417541504,0.9638553857803345,0.9524999856948853,0.7590577602386475,0.0833333283662796,0.04496912285685539,-16.25967788696289
outside,stressed_15.wav,stressed,29.198701858520508,0.33900365233421326,17.698904037475586,33.59844970703125,38.58603286743164,20.887128829956055,344.82672119140625,626.00830078125,61.70731735229492,51.751834869384766,1.352142095565796,0.9036885499954224,0.11933771520853043,1.2525203227996826,2.309236526489258,2.189898729324341,24.001556396484375,20.694917678833008,18.125749588012695,6.876563549041748,1.336004376411438,1.0247207880020142,37.25935363769531,0.39715129137039185,10.708379745483398,1.2823752164840698,1.2390633821487427,11.01381778717041,-9.782485008239746,-1.8324556350708008,0.05565930902957916,1.6753411293029785,1.2144633531570435,0.9069623351097107,5.2957987785339355,1.3283438682556152,8.167121887207031,2.1547365188598633,34.10221862792969,0.504515528678894,683.8665771484375,0.26511672139167786,1317.0313720703125,0.18446314334869385,-32.40623474121094,-1.606534719467163,1689.2296142578125,0.17096063494682312,993.8275756835938,0.3043476939201355,-43.24494171142578,-1.0973056554794312,2933.01318359375,0.1308601051568985,942.1329345703125,0.4583640992641449,-54.640750885009766,-0.789214015007019,-21.44281768798828,-0.4144520163536072,36.47975158691406,0.2828778922557831,0.021594848483800888,2.9997851848602295,-0.0249086394906044,-0.4915933907032013,1.4561045169830322,0.9548130631446838,39.25581359863281,0.3116507828235626,9.718448638916016,1.4149245023727417,0.5225580930709839,26.40872573852539,-11.199594497680664,-1.5821812152862549,-13.416552543640137,24.76436424255371,-0.04242807999253273,-0.011215980164706707,0.35479870438575745,3.378378391265869,1.3698630332946777,0.6549999713897705,0.5040750503540039,0.09666667133569717,0.04921608045697212,-16.481292724609375
outside,stressed_16.wav,stressed,25.4260311126709,0.3881289064884186,16.118053436279297,21.225507736206055,34.860687255859375,18.742633819580078,138.74539184570312,88.70604705810547,105.01106262207031,61.40523910522461,1.0143239498138428,1.003562569618225,0.17590612173080444,0.37339261174201965,1.9478044509887695,1.7718982696533203,17.60569953918457,9.723864555358887,17.261598587036133,14.925092697143555,0.9513453245162964,1.2327505350112915,36.20301818847656,0.47860419750213623,12.182356834411621,0.8876190781593323,5.37361478805542,2.5534348487854004,-4.863852500915527,-3.320146083831787,0.08746109902858734,1.2528045177459717,1.5830938816070557,0.8220828771591187,2.463111400604248,3.146275281906128,9.935147285461426,2.5138139724731445,33.57538604736328,0.43453407287597656,666.3648071289062,0.27824169397354126,1382.6502685546875,0.17538689076900482,-31.459522247314453,-1.5564299821853638,1670.73583984375,0.18498903512954712,1064.7542724609375,0.3692578673362732,-43.3594970703125,-1.0316832065582275,2808.41357421875,0.13173829019069672,965.1806640625,0.440422385931015,-52.418243408203125,-0.7922015190124512,-21.906696319580078,-0.4278671443462372,35.13090515136719,0.3169751465320587,0.014043659903109074,4.669132232666016,-0.023414386436343193,-0.5170255303382874,0.9786819219589233,1.231624722480774,38.85806655883789,0.3373454511165619,11.549798011779785,0.9299932718276978,5.653622150421143,2.4961769580841064,-5.034438610076904,-3.2619447708129883,-4.83050012588501,13.516792297363281,-0.006682996172457933,-0.013318578712642193,0.7800304293632507,2.55009126663208,1.2915128469467163,0.7071428298950195,0.9859398603439331,0.06599999964237213,0.020591260865330696,-18.068843841552734
outside,stressed_17.wav,stressed,26.071807861328125,0.3837575912475586,15.732691764831543,22.177034378051758,36.61067581176758,20.87798309326172,161.8912811279297,121.92073822021484,97.956298828125,49.44951248168945,1.1541389226913452,0.969478964805603,0.23859019577503204,0.7144815921783447,2.015770673751831,1.7771804332733154,24.493412017822266,13.930354118347168,17.390668869018555,9.267805099487305,1.1843745708465576,1.0216304063796997,39.353145599365234,0.3991318941116333,8.65408992767334,1.592692255973816,4.997372150421143,2.7177393436431885,3.187295913696289,5.026515960693359,0.08621091395616531,1.6294797658920288,1.6529018878936768,0.8199618458747864,2.9846463203430176,2.7043278217315674,13.048131942749023,1.779552698135376,36.98129653930664,0.4658045768737793,697.5271606445312,0.25279414653778076,1406.6580810546875,0.1945604830980301,-37.391822814941406,-1.375970721244812,1671.38818359375,0.13164560496807098,1071.7060546875,0.32454419136047363,-46.657779693603516,-1.0221948623657227,2862.68505859375,0.10553836077451706,911.9872436523438,0.3597750663757324,-58.10710525512695,-0.756340503692627,-21.203289031982422,-0.4673058092594147,36.21189498901367,0.3277067542076111,0.0003934164997190237,179.27066040039062,-0.018018992617726326,-0.6154069900512695,1.2452819347381592,0.996968686580658,41.251319885253906,0.3161608874797821,7.765814781188965,1.6984941959381104,4.737360000610352,2.9950602054595947,2.704472064971924,5.9799652099609375,-12.403692245483398,22.28080177307129,-0.015309859998524189,-0.01177978515625,0.7225913405418396,2.8023600578308105,2.232142925262451,0.3959999680519104,0.3596813380718231,0.040909089148044586,0.015640592202544212,-17.609848022460938
outside,stressed_18.wav,stressed,26.61480712890625,0.3744765818119049,15.618464469909668,30.717674255371094,37.08077621459961,21.462310791015625,195.53627014160156,237.04171752929688,80.60649871826172,63.4656867980957,1.0286712646484375,0.9840995669364929,0.14141076803207397,0.486726313829422,1.9378459453582764,1.7964351177215576,15.724535942077637,9.697036743164062,10.858243942260742,6.134280681610107,0.8348422050476074,1.2206230163574219,35.72572708129883,0.44112926721572876,11.763198852539062,1.2220913171768188,0.9686981439590454,11.617801666259766,0.2900765538215637,57.64247131347656,0.06093042716383934,1.9204316139221191,1.3490819931030273,0.9701377749443054,4.182331562042236,1.7789888381958008,8.957538604736328,1.6843594312667847,36.15157699584961,0.38009965419769287,712.7779541015625,0.24695496261119843,1386.0887451171875,0.16642819344997406,-42.15810012817383,-1.4785056114196777,1718.371337890625,0.13938285410404205,1044.4549560546875,0.3282669186592102,-52.034664154052734,-1.0857266187667847,2936.01953125,0.14085768163204193,1048.8814697265625,0.42386624217033386,-62.66240310668945,-0.8354853391647339,-21.646154403686523,-0.313086599111557,35.46038818359375,0.23125268518924713,0.003658402245491743,16.606426239013672,-0.02067650482058525,-0.5450752377510071,0.964202880859375,1.0985361337661743,39.723365783691406,0.28526636958122253,10.267428398132324,1.237402081489563,0.676948070526123,17.9896240234375,-2.3375062942504883,-7.246755599975586,-13.59014892578125,24.08393096923828,-0.05110130086541176,-0.00393845047801733,0.21272839605808258,1.6666667461395264,1.470588207244873,0.5799999833106995,0.45614326000213623,0.09399999678134918,0.06183850020170212,-18.269433975219727
outside,stressed_19.wav,stressed,26.60969352722168,0.3813495337963104,16.22712516784668,26.239707946777344,37.92805862426758,21.7009334564209,105.23292541503906,49.09149932861328,175.60699462890625,212.53311157226562,1.1745434999465942,1.0833532810211182,0.13199591636657715,0.5171176791191101,2.2631025314331055,2.1311066150665283,18.89436912536621,11.0327730178833,21.131940841674805,10.999298095703125,1.2434203624725342,1.0438662767410278,34.5660400390625,0.4163537919521332,10.213921546936035,1.5640498399734497,7.908697605133057,1.7937755584716797,2.573883295059204,7.081586837768555,0.0754491537809372,1.5090103149414062,1.3799282312393188,0.8304238319396973,2.9902684688568115,2.322232484817505,8.854043960571289,2.6313343048095703,32.08872604370117,0.5347248911857605,698.635009765625,0.27787265181541443,1371.6834716796875,0.18584486842155457,-44.204368591308594,-1.4414138793945312,1736.6571044921875,0.15248574316501617,1093.517578125,0.3277948200702667,-55.398868560791016,-1.0390658378601074,2860.80615234375,0.09637144953012466,822.4432373046875,0.3886275291442871,-61.50634765625,-0.8900285959243774,-23.210556030273438,-0.40577012300491333,34.25373458862305,0.3182089924812317,-0.018088456243276596,-3.6638150215148926,-0.021252958104014397,-0.5921941995620728,1.430354356765747,0.9151382446289062,37.831478118896484,0.3141933083534241,10.79477596282959,1.4716858863830566,9.232244491577148,1.583051323890686,0.5949728488922119,31.893136978149414,-10.377613067626953,20.349491119384766,-0.009934771806001663,-0.0037071325350552797,0.3223767578601837,2.477477550506592,1.3793103694915771,0.6166666746139526,0.34388303756713867,0.08833333104848862,0.12198588252067566,-16.886795043945312
outside,stressed_2.wav,stressed,22.41675567626953,0.4420779049396515,13.868973731994629,15.9866361618042,35.11792755126953,21.24895477294922,73.06301879882812,49.75481033325195,53.383018493652344,45.603153228759766,0.9414146542549133,0.6438691020011902,0.5027709603309631,0.617050051689148,1.5923187732696533,1.089547872543335,8.618254661560059,3.7833425998687744,8.110498428344727,4.152581214904785,0.6627448201179504,0.7442277669906616,37.72698974609375,0.19963403046131134,0.8560149669647217,10.247334480285645,1.4562654495239258,6.339974880218506,0.23329433798789978,64.37092590332031,0.060697589069604874,1.2913511991500854,1.1059702634811401,0.7419780492782593,1.5581728219985962,4.773373603820801,4.648148536682129,7.049252986907959,21.290874481201172,1.1805208921432495,700.4349365234375,0.2264658808708191,1451.6473388671875,0.15247829258441925,-34.82277297973633,-1.4356331825256348,1614.7545166015625,0.14954648911952972,1232.7452392578125,0.23402942717075348,-42.44639205932617,-1.1146819591522217,2767.09814453125,0.12924069166183472,1000.217041015625,0.34073424339294434,-52.62921142578125,-0.8455742001533508,-16.6994571685791,-0.3647516071796417,32.29395294189453,0.23816825449466705,-0.02887372300028801,-1.471650242805481,-0.014627598226070404,-0.697695791721344,0.6983315348625183,0.7301148772239685,38.62782669067383,0.1799076646566391,0.9642729759216309,9.356162071228027,1.8890774250030518,5.055748462677002,-0.47687476873397827,-32.831260681152344,-12.745927810668945,26.625947952270508,-0.04359091445803642,-0.00910885725170374,0.3810950517654419,1.8796993494033813,1.901140809059143,0.46700000762939453,0.7631389498710632,0.05428571254014969,0.017612610012292862,-21.15669059753418
outside,stressed_20.wav,stressed,27.26939582824707,0.32478535175323486,17.593223571777344,29.297061920166016,36.0744514465332,18.48122787475586,447.5260314941406,572.442626953125,111.04124450683594,108.3464584350586,1.0934295654296875,0.9414942860603333,0.1269410401582718,0.7263877987861633,2.0591225624084473,1.932181477546692,22.670827865600586,17.871471405029297,19.136333465576172,14.465307235717773,1.170761227607727,1.1839779615402222,33.27582550048828,0.5421169400215149,8.352615356445312,1.8664228916168213,4.580056667327881,2.517826795578003,0.5495673418045044,25.06976890563965,0.07461989670991898,1.5636862516403198,1.4774160385131836,0.9023599028587341,3.1054606437683105,2.1422674655914307,9.038887977600098,1.4784531593322754,34.51505661010742,0.3363388478755951,761.3795776367188,0.24170081317424774,1349.5555419921875,0.1615259200334549,-55.2447624206543,-1.3066515922546387,1747.8463134765625,0.1311642974615097,1034.526123046875,0.36016735434532166,-62.8097038269043,-1.06629478931427,2942.6953125,0.11157912015914917,964.294921875,0.5225626826286316,-72.17073059082031,-0.8590978980064392,-18.676118850708008,-0.42113059759140015,32.507232666015625,0.302325963973999,0.019871635362505913,3.0849382877349854,-0.01706428825855255,-0.7515051960945129,1.3783565759658813,1.0784941911697388,38.95615768432617,0.3109069764614105,4.7302093505859375,2.9043149948120117,4.893800258636475,2.4574382305145264,-0.831188440322876,-17.12809944152832,-11.09584903717041,18.208330154418945,-0.01827901601791382,-0.010339239612221718,0.47511446475982666,2.5695931911468506,2.1691973209381104,0.35899999737739563,0.2871045172214508,0.09999999403953552,0.05361902713775635,-18.106719970703125
outside,stressed_3.wav,stressed,20.153188705444336,0.4825241267681122,13.150525093078613,14.566883087158203,34.92725372314453,21.776729583740234,361.2649230957031,692.6355590820312,94.7774429321289,52.833988189697266,0.9106706976890564,0.645958423614502,0.5435431003570557,0.6325245499610901,1.381970763206482,0.8384276628494263,16.918577194213867,10.776152610778809,17.039794921875,9.222878456115723,0.8092299699783325,0.7378432154655457,34.17094421386719,0.31295156478881836,2.942018747329712,3.540118455886841,2.809438467025757,3.2470932006835938,0.45223161578178406,34.19595718383789,0.06234420835971832,1.3448859453201294,1.3515079021453857,0.8168213963508606,-0.8315026164054871,-7.841747283935547,-3.1338837146759033,-11.252350807189941,15.327190399169922,2.1410090923309326,676.7448120117188,0.24675390124320984,1421.822021484375,0.1546006053686142,-54.488197326660156,-1.1690783500671387,1606.5792236328125,0.15988925099372864,1195.1656494140625,0.2982836067676544,-61.03152084350586,-0.9827709794044495,2718.7568359375,0.13124831020832062,996.2427978515625,0.3727464973926544,-68.8128433227539,-0.8265332579612732,-16.29323959350586,-0.390903502702713,30.314794540405273,0.2568216323852539,-0.04284372553229332,-0.9203126430511475,-0.01454688236117363,-0.7226608991622925,0.8452767729759216,0.7363796234130859,34.89345169067383,0.2808874845504761,3.3761966228485107,3.1767919063568115,3.3420679569244385,2.8837785720825195,-0.9440014958381653,-17.565847396850586,-13.520057678222656,27.69200325012207,-0.05722847580909729,-0.010127550922334194,0.676244854927063,2.1705427169799805,4.694835662841797,0.16200000047683716,0.20143483579158783,0.0442105233669281,0.019819125533103943,-22.09288215637207
outside,stressed_4.wav,stressed,21.743446350097656,0.43558305501937866,13.458183288574219,16.397655487060547,34.03297805786133,20.57479476928711,368.6777038574219,634.2395629882812,130.2694091796875,72.78021240234375,1.0583919286727905,0.7038405537605286,0.551738977432251,0.7253797054290771,1.556612491607666,1.004873514175415,13.7353515625,8.204086303710938,14.93769359588623,8.818084716796875,0.927494466304779,0.8286808729171753,31.678346633911133,0.38262155652046204,4.672824859619141,2.125540018081665,-0.16284653544425964,-47.00827407836914,-1.9198412895202637,-6.7202372550964355,0.07669013738632202,1.4356706142425537,1.3671653270721436,0.8817015290260315,-0.5581095814704895,-12.117984771728516,-0.9562544822692871,-26.53249168395996,20.013442993164062,1.1840765476226807,643.3753662109375,0.29957032203674316,1394.8348388671875,0.16379405558109283,-62.27602767944336,-1.169299840927124,1529.724365234375,0.15193793177604675,1231.7432861328125,0.2528376877307892,-68.57003784179688,-1.0056016445159912,2688.837158203125,0.15166890621185303,1007.6511840820312,0.4337849020957947,-76.59269714355469,-0.8442142009735107,-15.421720504760742,-0.3966791033744812,29.833126068115234,0.25040489435195923,-0.03573130816221237,-1.0500744581222534,-0.01459611114114523,-0.7610066533088684,1.004647970199585,0.8290596008300781,34.14519500732422,0.27863478660583496,4.19192361831665,2.100965976715088,0.7006255388259888,10.405570030212402,-3.102351665496826,-4.643468856811523,-10.319588661193848,22.20918083190918,-0.04057793691754341,-0.010673518292605877,0.654642641544342,2.0080320835113525,4.4715447425842285,0.15772727131843567,0.1656099408864975,0.07750000059604645,0.060707636177539825,-21.527503967285156
outside,stressed_intense_1.wav,stressed,25.47712516784668,0.3529678285121918,17.13412857055664,20.934158325195312,36.02717590332031,18.893047332763672,110.84356689453125,75.5773696899414,79.99810791015625,83.4117202758789,1.0822572708129883,0.9285691380500793,0.14153753221035004,0.6258870959281921,2.1550447940826416,2.01350736618042,17.247312545776367,11.681585311889648,12.602758407592773,7.8738298416137695,0.888411283493042,1.1220452785491943,38.37443923950195,0.4104863703250885,7.3933491706848145,2.019169807434082,1.342440128326416,7.810098171234131,-4.820297718048096,-3.021702289581299,0.07543109357357025,1.5497393608093262,1.3854765892028809,0.9283999800682068,2.6469573974609375,2.8057498931884766,8.44946575164795,2.868520736694336,30.749265670776367,0.6179431676864624,669.8500366210938,0.2730802595615387,1393.6484375,0.15556466579437256,-32.146888732910156,-1.7586565017700195,1656.6630859375,0.156332865357399,1126.84130859375,0.3255111575126648,-43.9991455078125,-1.180578589439392,2803.9716796875,0.13609197735786438,1060.7017822265625,0.38092854619026184,-54.256595611572266,-0.8913037776947021,-19.946996688842773,-0.38326725363731384,34.5898551940918,0.23669017851352692,0.010065416805446148,5.913961410522461,-0.021452195942401886,-0.48161792755126953,0.9733247756958008,1.0342447757720947,41.274662017822266,0.27285462617874146,5.597260475158691,2.4170117378234863,1.8623610734939575,5.6658854484558105,-6.09063720703125,-2.4388206005096436,-12.102283477783203,22.796091079711914,-0.0281419288367033,-0.009641939774155617,0.28188005089759827,1.6293280124664307,0.8247422575950623,1.0774999856948853,1.074880838394165,0.2199999988079071,0.03999999910593033,-18.063148498535156
outside,stressed_intense_2.wav,stressed,25.807353973388672,0.4252685010433197,16.234832763671875,19.82823371887207,39.00542068481445,22.770587921142578,273.5823974609375,310.2057189941406,114.38302612304688,77.32257080078125,1.1363403797149658,1.0056215524673462,0.194185271859169,0.5391797423362732,2.406487464904785,2.2123022079467773,33.01810073852539,21.58696937561035,27.227285385131836,12.0698823928833,1.3316290378570557,1.2754729986190796,38.8480110168457,0.4204366207122803,5.8423261642456055,2.001995325088501,-4.597891807556152,-2.187901735305786,-7.117295265197754,-2.154572010040283,0.08321957290172577,1.4353903532028198,1.5325701236724854,0.836536169052124,1.5276994705200195,4.713843822479248,7.0291337966918945,3.3859572410583496,29.803956985473633,0.6416227221488953,664.1763916015625,0.2475893348455429,1435.3931884765625,0.16340351104736328,-39.47259521484375,-1.624314546585083,1578.7379150390625,0.14500059187412262,1184.3492431640625,0.307858943939209,-49.327362060546875,-1.1830739974975586,2790.67041015625,0.14369060099124908,1046.1514892578125,0.4014917016029358,-61.260597229003906,-0.8633534908294678,-17.468482971191406,-0.45123499631881714,34.10617446899414,0.3010745048522949,0.008517073467373848,5.963375568389893,-0.02110629715025425,-0.44325923919677734,1.4745591878890991,1.2079497575759888,41.62864685058594,0.34257784485816956,4.1357269287109375,2.6213462352752686,-5.064593315124512,-2.0738577842712402,-8.19699764251709,-1.9042118787765503,-13.431262016296387,25.50422477722168,-0.01887713000178337,-0.011561436578631401,0.5950462222099304,2.647657871246338,2.0618557929992676,0.4099999964237213,0.36485615372657776,0.06624999642372131,0.05498579517006874,-17.446014404296875
outside,stressed_intense_3.wav,stressed,30.63648223876953,0.3219166398048401,18.671794891357422,35.166404724121094,39.08735656738281,20.41556167602539,377.1549987792969,756.55615234375,100.54705047607422,108.2666015625,1.5464744567871094,0.8705740571022034,0.15135984122753143,1.1470998525619507,2.8906261920928955,2.7392663955688477,23.614299774169922,15.424489974975586,18.06793975830078,9.349723815917969,1.25298011302948,0.9947741627693176,32.745330810546875,0.6601327657699585,7.514933109283447,2.282042980194092,-0.8533706665039062,-13.974297523498535,-10.152456283569336,-1.802469253540039,0.07610706984996796,2.0465407371520996,1.301356315612793,1.0238004922866821,5.778572082519531,1.2364165782928467,11.217147827148438,1.1293472051620483,33.987815856933594,0.3002956509590149,722.928955078125,0.27309370040893555,1364.84619140625,0.1894085705280304,-49.684635162353516,-1.4812716245651245,1644.984130859375,0.15159475803375244,1044.9891357421875,0.3146735429763794,-55.614662170410156,-1.2009966373443604,2903.717041015625,0.12413416802883148,915.224853515625,0.5017955303192139,-66.63201904296875,-0.9191738367080688,-17.089025497436523,-0.503919780254364,33.31221008300781,0.3010725677013397,0.017865315079689026,3.1318295001983643,-0.01889246329665184,-0.622464656829834,1.4001818895339966,0.9237439036369324,39.81210708618164,0.34490999579429626,2.6108953952789307,5.147771835327148,-1.5153013467788696,-8.512337684631348,-11.955864906311035,-1.5911906957626343,-4.378636360168457,12.322282791137695,-0.026016322895884514,-0.010352025739848614,0.6559357643127441,3.054989814758301,1.2345679998397827,0.6549999713897705,0.4846562445163727,0.1316666603088379,0.0524139478802681,-15.921615600585938
outside,stressed_intense_4.wav,stressed,25.918039321899414,0.3974827826023102,16.34356689453125,21.14042854309082,38.31491470336914,21.97134780883789,177.85955810546875,148.15557861328125,142.06478881835938,127.80281829833984,1.2715568542480469,1.0875787734985352,0.1907644122838974,0.6764978766441345,2.34944748878479,2.1586830615997314,28.48331069946289,13.450315475463867,28.496936798095703,13.296149253845215,1.3719592094421387,1.0804141759872437,36.62373352050781,0.4022289216518402,7.196667194366455,2.0198936462402344,-0.8010392189025879,-13.124385833740234,-8.21531867980957,-1.5270817279815674,0.13308385014533997,1.4229432344436646,1.8119374513626099,0.8224322199821472,1.6786189079284668,4.361559867858887,5.969753265380859,3.6489458084106445,29.291000366210938,0.659683108329773,634.7600708007812,0.2596810460090637,1429.2998046875,0.14530442655086517,-35.75910949707031,-1.6669703722000122,1566.1929931640625,0.13418491184711456,1160.6014404296875,0.28420254588127136,-44.961666107177734,-1.2042474746704102,2762.657958984375,0.1272631585597992,996.0996704101562,0.4409559369087219,-56.174320220947266,-0.8840509653091431,-18.477413177490234,-0.43208712339401245,33.7201042175293,0.28249672055244446,0.0004356809367891401,110.62305450439453,-0.02240895852446556,-0.40119582414627075,1.4661821126937866,1.0200186967849731,39.60715103149414,0.2889881134033203,5.2314653396606445,2.6072499752044678,-1.139310359954834,-9.539434432983398,-8.43687915802002,-1.5197136402130127,-11.258575439453125,21.312591552734375,-0.020606286823749542,-0.015593397431075573,0.868991494178772,2.9279279708862305,1.3761467933654785,0.6349999904632568,0.39537954330444336,0.10249999910593033,0.0779021829366684,-17.26059913635254
outside,stressed_intense_5.wav,stressed,27.570491790771484,0.36787649989128113,16.551403045654297,28.1080265045166,37.81227493286133,21.26087188720703,130.1342010498047,125.10689544677734,146.98497009277344,128.54974365234375,1.335927963256836,0.9551844596862793,0.15165725350379944,0.7976943850517273,2.3108747005462646,2.159217357635498,28.878223419189453,19.60719871520996,25.40674591064453,17.57006072998047,1.5106208324432373,1.1329580545425415,39.90937805175781,0.30861401557922363,8.130169868469238,1.6415430307388306,0.6991707682609558,17.297584533691406,-7.526468276977539,-2.2622623443603516,0.11849914491176605,1.7406713962554932,1.3231819868087769,0.848526656627655,3.5266573429107666,2.116464853286743,8.72524356842041,2.270049571990967,33.85527420043945,0.521390974521637,642.2853393554688,0.30651310086250305,1391.9613037109375,0.17228037118911743,-37.64033126831055,-1.6002548933029175,1613.65234375,0.17107920348644257,1120.63623046875,0.2933526039123535,-46.51456069946289,-1.156450867652893,2838.71630859375,0.14104552567005157,1029.6448974609375,0.5863177180290222,-58.29388427734375,-0.8490854501724243,-21.510927200317383,-0.4379741847515106,36.81771469116211,0.2844812572002411,0.01552882231771946,4.05111837387085,-0.02243119105696678,-0.4656575322151184,1.6722283363342285,1.0395625829696655,41.75071334838867,0.26550525426864624,7.680111408233643,1.8037575483322144,0.793254017829895,15.823458671569824,-9.102547645568848,-1.9186813831329346,-18.40652847290039,33.00306701660156,-0.018297305330634117,-0.010167533531785011,0.4259124994277954,2.702702760696411,1.594533085823059,0.5471428632736206,0.49207186698913574,0.12666666507720947,0.08178562670946121,-16.22262954711914
outside,stressed_intense_6.wav,stressed,28.40680694580078,0.34017691016197205,16.965253829956055,32.64192199707031,38.086395263671875,21.12114143371582,168.5991973876953,167.9420623779297,145.86175537109375,138.26641845703125,1.4354819059371948,0.8538743257522583,0.17775380611419678,1.1844896078109741,2.6109981536865234,2.433244228363037,22.375673294067383,18.454347610473633,21.744504928588867,13.774260520935059,1.483630895614624,1.063652515411377,39.16986846923828,0.4385514259338379,8.540863037109375,1.7350399494171143,3.2846124172210693,4.334748268127441,-10.566789627075195,-1.6307865381240845,0.07862282544374466,1.6316628456115723,1.3711745738983154,0.9868156313896179,3.9008469581604004,1.8904914855957031,10.882160186767578,1.856775164604187,35.610504150390625,0.441813200712204,608.83642578125,0.3021806478500366,1390.484130859375,0.16595789790153503,-33.78214645385742,-1.7882466316223145,1599.0283203125,0.17972995340824127,1074.05322265625,0.27542844414711,-45.68988800048828,-1.1861625909805298,2781.320556640625,0.13929694890975952,1081.9149169921875,0.42754197120666504,-57.82621765136719,-0.858098566532135,-21.637863159179688,-0.4153902232646942,37.1117057800293,0.27070993185043335,0.01096243318170309,5.463451385498047,-0.0262546855956316,-0.4107359051704407,1.6274431943893433,0.9957060813903809,43.14225769042969,0.26420512795448303,7.265861511230469,1.9953001737594604,1.9026579856872559,7.371784210205078,-12.291313171386719,-1.3759191036224365,-11.465336799621582,21.296842575073242,-0.04047281667590141,-0.008438175544142723,0.5480818748474121,2.9279279708862305,1.3667426109313965,0.6399999856948853,0.45876646041870117,0.08399999141693115,0.04498888552188873,-16.16193389892578
outside,stressed_intense_7.wav,stressed,24.594377517700195,0.4293307960033417,14.34768009185791,19.237058639526367,36.735286712646484,22.38760757446289,135.22314453125,77.23065948486328,135.5770263671875,123.13906860351562,1.0696172714233398,1.0446511507034302,0.2141706943511963,0.5196583271026611,2.055079936981201,1.8409092426300049,22.938047409057617,10.632843971252441,28.025571823120117,15.391993522644043,1.2663549184799194,1.1037129163742065,36.52106857299805,0.43642541766166687,10.031633377075195,1.2441340684890747,5.270533561706543,2.7867014408111572,-6.372238636016846,-2.727257013320923,0.13489574193954468,1.3940298557281494,1.588261365890503,0.9538047313690186,1.6410523653030396,4.7112040519714355,16.677873611450195,2.230760097503662,29.984676361083984,0.7600527405738831,609.4597778320312,0.29275357723236084,1412.9576416015625,0.18186254799365997,-43.80741882324219,-1.4370063543319702,1621.804931640625,0.17045870423316956,1110.74560546875,0.39550450444221497,-54.62371063232422,-1.0320768356323242,2730.7958984375,0.12445425242185593,1055.8211669921875,0.4194369614124298,-62.78013229370117,-0.850074291229248,-21.037582397460938,-0.39224472641944885,35.39382553100586,0.30026131868362427,-0.004385590087622404,-13.527543067932129,-0.02235921286046505,-0.40984660387039185,1.3644179105758667,1.0426967144012451,39.5585823059082,0.2829011082649231,9.289925575256348,1.3143391609191895,5.886830806732178,2.6425061225891113,-7.302323341369629,-2.476102590560913,-10.95871353149414,21.895376205444336,-0.026428747922182083,-0.01182461529970169,0.7710759043693542,2.5878005027770996,1.8656717538833618,0.4509999752044678,0.29507455229759216,0.07625000178813934,0.0519464872777462,-17.597232818603516
outside,stressed_intense_8.wav,stressed,25.83473014831543,0.36336827278137207,16.608558654785156,22.308996200561523,35.48966979980469,18.88111114501953,160.3379364013672,113.29771423339844,117.779296875,90.74118041992188,1.4360183477401733,0.767004668712616,0.4640101492404938,1.1997168064117432,2.2607855796813965,1.796775460243225,11.337438583374023,7.419522285461426,17.138309478759766,11.417025566101074,2.1512820720672607,0.7530941367149353,41.6075553894043,0.28607767820358276,16.399547576904297,1.0619754791259766,14.6251802444458,0.9793163537979126,-0.40318596363067627,-40.42109298706055,0.10323432087898254,1.5221437215805054,1.9020918607711792,0.7318917512893677,2.2363901138305664,2.888672113418579,8.852344512939453,1.7288156747817993,42.072017669677734,0.37777993083000183,654.43701171875,0.24735751748085022,1375.8369140625,0.16622045636177063,-22.664901733398438,-1.364878535270691,1713.1422119140625,0.12268715351819992,1088.2349853515625,0.3388568162918091,-40.237648010253906,-0.7228763103485107,2878.4921875,0.07928837835788727,894.5916137695312,0.4046661853790283,-49.61029815673828,-0.5553022623062134,-27.038381576538086,-0.3746460974216461,40.100460052490234,0.29709893465042114,-0.021016765385866165,-2.784989356994629,-0.024509960785508156,-0.41475269198417664,2.2146594524383545,0.7302219867706299,42.41735076904297,0.25934380292892456,16.430255889892578,1.07876455783844,14.525797843933105,0.9831972122192383,-0.8666725754737854,-18.661998748779297,-19.267053604125977,30.330141067504883,-0.04936517775058746,-0.011946880258619785,1.3332529067993164,3.0092594623565674,0.7042254209518433,1.3766666650772095,1.1978405714035034,0.029999999329447746,0.009999999776482582,-15.522425651550293
outside,stressed_intense_9.wav,stressed,27.497406005859375,0.35203030705451965,17.163957595825195,28.961240768432617,37.18010330200195,20.016145706176758,276.0976867675781,366.65545654296875,76.54539489746094,56.889320373535156,1.293126106262207,0.8798444867134094,0.2405577152967453,0.9684866666793823,2.220987558364868,1.9804298877716064,20.080928802490234,13.37342357635498,18.54241371154785,11.521484375,1.4115396738052368,0.9326654672622681,35.62497329711914,0.37714263796806335,11.800745964050293,1.1860911846160889,9.873685836791992,1.331886887550354,-4.154016017913818,-4.847474098205566,0.1090053915977478,1.7632695436477661,1.8044291734695435,0.8696933388710022,3.765347480773926,1.8331509828567505,12.015841484069824,1.6921484470367432,35.364871978759766,0.4023755192756653,679.965576171875,0.28018274903297424,1375.2655029296875,0.18328063189983368,-37.42819595336914,-1.499100685119629,1688.021728515625,0.14594703912734985,1013.72509765625,0.323782742023468,-47.03369903564453,-1.0886701345443726,2922.24462890625,0.09802018105983734,811.823974609375,0.4710165560245514,-56.0515022277832,-0.8569509387016296,-22.748502731323242,-0.41205936670303345,36.367454528808594,0.2849350571632385,-0.0081094428896904,-8.51635456085205,-0.020472602918744087,-0.652579665184021,1.5436592102050781,0.8565528392791748,38.005699157714844,0.3003694415092468,11.670951843261719,1.2401576042175293,9.819233894348145,1.3829874992370605,-5.143728256225586,-4.059432506561279,-15.44179916381836,24.96500015258789,-0.00938920397311449,-0.00668723601847887,0.4264402389526367,3.2986111640930176,1.225919485092163,0.7228571176528931,0.7039016485214233,0.0833333283662796,0.10718623548746109,-16.529207229614258
outside,tired_1.wav,tired,19.730005264282227,0.39798179268836975,13.958641052246094,15.768585205078125,31.84005355834961,17.881412506103516,119.52800750732422,125.83953094482422,84.14049530029297,66.66051483154297,0.7713829874992371,0.6587893962860107,0.4373868703842163,0.552430272102356,1.1021294593811035,0.6647425889968872,9.534214973449707,6.121370792388916,8.81850528717041,5.506591320037842,0.6585499048233032,1.3322423696517944,35.90058135986328,0.277726411819458,0.9606595039367676,11.540406227111816,-0.14697030186653137,-45.740264892578125,4.352142810821533,1.9217432737350464,0.09800923615694046,1.3639642000198364,1.4459469318389893,0.801990807056427,-1.052894949913025,-6.131253242492676,-4.452955722808838,-7.117522239685059,15.65650463104248,1.7312560081481934,688.1278076171875,0.2234116643667221,1467.6634521484375,0.16285863518714905,-46.45124816894531,-1.3048231601715088,1573.4161376953125,0.13375358283519745,1253.7706298828125,0.20417019724845886,-52.21143341064453,-1.1139171123504639,2679.369140625,0.126512348651886,1041.4881591796875,0.3643479347229004,-62.045997619628906,-0.8757920265197754,-15.322439193725586,-0.3851260244846344,31.671606063842773,0.22523459792137146,-0.04099433496594429,-0.6651198863983154,-0.011995907872915268,-0.7462537884712219,0.6637344360351562,1.4267199039459229,38.126365661621094,0.17107942700386047,0.7968088984489441,13.75216293334961,0.1118832379579544,61.99622344970703,4.757555961608887,1.7548376321792603,-8.51857852935791,21.04663848876953,-0.04238380864262581,-0.006032214500010014,0.6703804731369019,1.6539441347122192,2.827763557434082,0.2890909016132355,0.28811153769493103,0.06066666543483734,0.05421767756342888,-23.947694778442383
outside,tired_13.wav,tired,23.947147369384766,0.39126163721084595,15.184473037719727,18.558374404907227,35.132450103759766,19.94797706604004,316.6599426269531,511.88397216796875,91.87598419189453,64.98365020751953,1.0350589752197266,0.8205008506774902,0.2337532937526703,0.7183253765106201,1.8399991989135742,1.6062458753585815,11.899903297424316,5.496232509613037,10.67182731628418,7.089753150939941,0.906156063079834,0.7386462688446045,39.75291442871094,0.2896326184272766,13.403260231018066,0.7576246857643127,6.396231651306152,1.5305415391921997,4.640293121337891,2.5052597522735596,0.07217108458280563,1.6724623441696167,1.5067824125289917,0.707484245300293,2.320415735244751,2.9682939052581787,10.70776081085205,2.1341328620910645,38.264556884765625,0.3692423105239868,752.2886352539062,0.20123597979545593,1383.7431640625,0.2158624231815338,-29.363027572631836,-1.2175719738006592,1741.6007080078125,0.11124400049448013,1023.9154663085938,0.30785635113716125,-39.7440299987793,-0.8280764222145081,2986.751953125,0.10096275806427002,970.8795166015625,0.45625704526901245,-51.2762565612793,-0.5974680781364441,-22.702905654907227,-0.3383335471153259,36.95417785644531,0.24756352603435516,-0.01851884089410305,-2.9330997467041016,-0.019918613135814667,-0.4619600474834442,0.9330496191978455,0.7157008647918701,39.96616744995117,0.28762203454971313,13.472412109375,0.7640241384506226,6.50697660446167,1.522261619567871,4.391179084777832,2.713867425918579,-20.904306411743164,36.668460845947266,-0.03678789362311363,-0.013488777913153172,0.5786969065666199,1.7656500339508057,1.1345218420028687,0.8357142210006714,0.9773120880126953,0.03200000151991844,0.019390719011425972,-19.2419376373291
outside,tired_14.wav,tired,24.457216262817383,0.3604290187358856,15.750140190124512,20.369474411010742,34.34420394897461,18.59406280517578,275.145751953125,440.49658203125,110.09465026855469,84.1220703125,0.7604641914367676,1.0340496301651,0.12149251997470856,0.3358006775379181,1.4096205234527588,1.2881280183792114,10.629083633422852,6.093757629394531,9.228129386901855,6.592438697814941,0.8436071276664734,1.2848584651947021,35.112548828125,0.406901478767395,15.256706237792969,0.6957365870475769,5.9192986488342285,1.9513870477676392,4.017242431640625,3.416781425476074,0.08283701539039612,1.6455745697021484,1.6866174936294556,0.8375625014305115,2.270968437194824,3.3409597873687744,8.622267723083496,3.619072675704956,33.90932083129883,0.7427531480789185,710.0570068359375,0.25185999274253845,1359.7940673828125,0.17702633142471313,-57.69465637207031,-1.1511955261230469,1735.7564697265625,0.14361168444156647,1082.9990234375,0.3574562668800354,-67.0632553100586,-0.904881477355957,2946.557861328125,0.1150464117527008,1001.2811889648438,0.4152291715145111,-75.97473907470703,-0.7420150637626648,-24.89120101928711,-0.35575026273727417,38.72574996948242,0.2465277761220932,-0.010119793005287647,-6.566323280334473,-0.020979130640625954,-0.6084022521972656,0.9728587865829468,1.1731071472167969,38.627437591552734,0.3148113787174225,16.480623245239258,0.6185579895973206,6.727985382080078,1.7732951641082764,3.5464091300964355,3.939333200454712,-13.214621543884277,24.09810447692871,-0.032032519578933716,-0.008412851952016354,0.33987823128700256,2.384291887283325,2.2598869800567627,0.3512499928474426,0.278856486082077,0.07857142388820648,0.0654497742652893,-19.485111236572266
outside,tired_15.wav,tired,24.820743560791016,0.3754539489746094,15.756495475769043,20.710233688354492,35.454124450683594,19.697628021240234,429.3301086425781,650.5370483398438,113.08846282958984,96.56133270263672,0.8946303129196167,0.9148321747779846,0.20883139967918396,0.498386025428772,1.573879361152649,1.3650479316711426,17.1962947845459,8.311173439025879,15.606396675109863,10.645145416259766,0.787990927696228,0.9614721536636353,36.60066223144531,0.39810511469841003,12.293475151062012,0.7224536538124084,1.2701101303100586,10.121711730957031,5.854727268218994,2.436866044998169,0.0894085168838501,1.7329593896865845,1.7747948169708252,0.8196738958358765,2.469306707382202,2.953829288482666,8.430485725402832,3.069744348526001,36.17626953125,0.551267683506012,754.3461303710938,0.22676561772823334,1429.412353515625,0.1816357970237732,-45.56818771362305,-1.3261724710464478,1696.339111328125,0.11828845739364624,1092.8026123046875,0.28317147493362427,-54.394527435302734,-1.02736496925354,2969.83447265625,0.11304371803998947,1078.0133056640625,0.46377643942832947,-67.08977508544922,-0.7553892731666565,-21.79233741760254,-0.3626352846622467,38.11349105834961,0.21469925343990326,-0.023144852370023727,-2.484869956970215,-0.017545141279697418,-0.6055800914764404,0.859961211681366,0.912865161895752,39.977386474609375,0.2588442265987396,12.270939826965332,0.6330923438072205,0.7146093845367432,19.067541122436523,5.733041763305664,2.5890467166900635,-10.822822570800781,21.20723533630371,-0.03662458434700966,-0.007692279759794474,0.4214388430118561,2.463768243789673,1.612903356552124,0.5272727012634277,0.7927408218383789,0.09624999761581421,0.05956876277923584,-20.558073043823242
outside,tired_16.wav,tired,26.052234649658203,0.3606160879135132,15.53614616394043,30.37479591369629,34.91131591796875,19.37516975402832,564.8621215820312,1093.2523193359375,99.78343200683594,80.75699615478516,0.7865312695503235,0.9147335886955261,0.10070101171731949,0.5457929372787476,1.4266759157180786,1.325974941253662,13.510431289672852,10.305304527282715,9.364828109741211,5.73529577255249,0.5933302640914917,1.0505493879318237,32.79456329345703,0.4978989362716675,11.941807746887207,0.762585461139679,3.983832359313965,2.9478001594543457,1.4683130979537964,8.831649780273438,0.057763151824474335,1.8616896867752075,1.199255108833313,0.8954707980155945,3.697885274887085,2.0495827198028564,6.828682899475098,3.484678268432617,30.626874923706055,0.6301193833351135,724.0511474609375,0.22700732946395874,1309.5908203125,0.19038324058055878,-59.555206298828125,-1.1682804822921753,1713.0517578125,0.13885293900966644,999.896240234375,0.3949749767780304,-68.19859313964844,-0.9433345198631287,2928.741943359375,0.11258438974618912,907.1111450195312,0.43966755270957947,-76.851806640625,-0.7738202214241028,-20.204505920410156,-0.38480880856513977,34.80705261230469,0.2959875762462616,0.009769096970558167,5.679884433746338,-0.019361741840839386,-0.6082966923713684,0.7097963094711304,0.8994739651679993,36.498538970947266,0.39393350481987,12.531496047973633,0.6917316317558289,4.264621734619141,2.8807852268218994,-0.21566733717918396,-57.13960647583008,-13.776703834533691,26.235544204711914,-0.03990919515490532,-0.0065161907114088535,0.2052960842847824,1.9117647409439087,3.115727186203003,0.24047617614269257,0.3478022813796997,0.060499999672174454,0.05295988544821739,-21.182275772094727
outside,tired_17.wav,tired,26.173595428466797,0.34561267495155334,15.47389030456543,31.30609130859375,35.324920654296875,19.851030349731445,412.0577392578125,567.6885986328125,180.0417938232422,244.6704864501953,1.0399051904678345,0.9404436349868774,0.1573227345943451,0.8075044751167297,1.7420127391815186,1.584689974784851,20.960908889770508,11.904446601867676,10.778199195861816,6.45673942565918,0.9057180285453796,0.9638824462890625,38.22298049926758,0.41806167364120483,10.41356086730957,0.9541294574737549,11.093589782714844,1.1621240377426147,7.208658695220947,1.8894643783569336,0.092539481818676,1.9051281213760376,1.5054129362106323,0.9153640866279602,4.057667255401611,1.7697255611419678,11.196758270263672,1.9229769706726074,37.37837600708008,0.3755163550376892,748.8203735351562,0.23303143680095673,1372.3734130859375,0.19433285295963287,-48.82713317871094,-1.230380892753601,1704.23974609375,0.11939813196659088,1026.6768798828125,0.26697805523872375,-57.11963653564453,-0.9734265804290771,2897.408447265625,0.07851189374923706,839.4636840820312,0.4545570909976959,-67.01376342773438,-0.7682978510856628,-23.302133560180664,-0.38579678535461426,38.14857482910156,0.2464633733034134,-0.00759701244533062,-8.64151668548584,-0.016330838203430176,-0.7655666470527649,0.9708194136619568,0.9327651858329773,41.79092025756836,0.2797756493091583,10.243247985839844,0.9586043357849121,10.534890174865723,1.2786840200424194,6.697343826293945,2.0873610973358154,-13.182502746582031,22.609453201293945,-0.035065118223428726,-0.006133299320936203,0.5948678851127625,2.136181592941284,2.4226109981536865,0.3427777886390686,0.3120684325695038,0.06538461893796921,0.046345751732587814,-18.121143341064453
outside,tired_18.wav,tired,24.504148483276367,0.3759083151817322,14.354403495788574,21.262874603271484,34.49590301513672,20.141498565673828,227.29869079589844,199.67454528808594,49.29317092895508,48.990997314453125,0.855293333530426,0.8124178051948547,0.2390204668045044,0.6011577248573303,1.447527527809143,1.2085070610046387,8.225747108459473,6.418920993804932,6.563551425933838,4.455855846405029,0.6699157953262329,0.8741422891616821,37.23032760620117,0.4154306948184967,11.472840309143066,1.0299426317214966,3.644395351409912,3.2067041397094727,4.406556606292725,2.3328068256378174,0.08753012865781784,1.7823460102081299,1.421333909034729,0.8955773711204529,2.455155611038208,2.9008967876434326,6.598608016967773,3.264026165008545,32.781761169433594,0.5621228218078613,711.6478881835938,0.2552301287651062,1402.42724609375,0.18622997403144836,-42.13517379760742,-1.3490989208221436,1707.9366455078125,0.15252737700939178,1056.4278564453125,0.33418625593185425,-51.60297393798828,-1.0197455883026123,2868.808349609375,0.13518643379211426,1053.8779296875,0.318505197763443,-61.77975082397461,-0.7988882064819336,-21.018857955932617,-0.38440364599227905,34.420719146728516,0.2861969470977783,-0.015003027394413948,-3.2456886768341064,-0.0203030314296484,-0.5301983952522278,0.7330964207649231,0.8117897510528564,40.213294982910156,0.2909768521785736,11.159647941589355,1.002472162246704,3.908217191696167,3.112476348876953,3.8205409049987793,2.7926247119903564,-10.886573791503906,21.691850662231445,-0.03462792560458183,-0.007125512231141329,0.29177841544151306,2.044609546661377,1.6917294263839722,0.507777750492096,0.41216978430747986,0.058888886123895645,0.05743487551808357,-21.212793350219727
outside,tired_19.wav,tired,26.6221866607666,0.3241962790489197,16.09164047241211,31.089643478393555,34.78470230102539,18.69306182861328,207.62005615234375,209.281494140625,80.28531646728516,86.14078521728516,1.0827715396881104,0.8686434030532837,0.11800900846719742,0.9765521883964539,1.8676817417144775,1.749672770500183,13.36685562133789,7.451840400695801,10.984700202941895,7.171939373016357,0.7770735025405884,1.0033262968063354,32.50281524658203,0.5054001808166504,10.765390396118164,1.0025066137313843,11.04582691192627,1.2904666662216187,5.350057601928711,2.5663609504699707,0.08311092108488083,1.745760202407837,1.4091918468475342,0.9999375343322754,4.671677112579346,1.5973337888717651,6.275848865509033,2.9801383018493652,30.168798446655273,0.5608986616134644,737.4556884765625,0.23293772339820862,1278.939453125,0.21631444990634918,-55.53971481323242,-1.2423018217086792,1787.5792236328125,0.1471356451511383,943.270263671875,0.45869776606559753,-64.05976867675781,-0.9963926076889038,2850.6904296875,0.0942000150680542,869.5809326171875,0.40712806582450867,-69.58597564697266,-0.8788133859634399,-21.529756546020508,-0.3748083710670471,32.63024139404297,0.29805850982666016,0.011008731089532375,5.5025715827941895,-0.020193107426166534,-0.5950133204460144,0.8887479305267334,0.9024487733840942,37.38137435913086,0.33401644229888916,11.40185260772705,0.9429268836975098,10.496087074279785,1.3860411643981934,4.044963359832764,3.5634448528289795,-9.494152069091797,17.67072105407715,-0.023555247113108635,-0.002001266460865736,0.3334190845489502,2.3972604274749756,1.5544041395187378,0.5122222304344177,0.31957530975341797,0.1088888943195343,0.14278534054756165,-17.855560302734375
outside,tired_2.wav,tired,20.861129760742188,0.3986077308654785,14.124771118164062,16.339557647705078,32.38116455078125,18.256393432617188,214.21755981445312,434.40301513671875,129.36276245117188,163.1417236328125,0.8062982559204102,0.6374556422233582,0.4585801959037781,0.5236610770225525,1.3281996250152588,0.8696194291114807,7.912827968597412,4.596752643585205,10.11061954498291,7.701091289520264,0.5929111242294312,0.8123800754547119,38.16392517089844,0.2575390636920929,-0.36977726221084595,-27.292327880859375,1.1620137691497803,7.413259029388428,-0.1973404437303543,-55.09419631958008,0.07791755348443985,1.2293704748153687,1.3956841230392456,0.7975543737411499,-0.4657658040523529,-14.949326515197754,-1.186498761177063,-22.19692611694336,19.400070190429688,1.1981793642044067,695.82177734375,0.21748116612434387,1435.673828125,0.15734213590621948,-43.98439407348633,-1.3282493352890015,1589.6812744140625,0.11660344153642654,1224.821533203125,0.25104156136512756,-50.454830169677734,-1.1024274826049805,2720.675537109375,0.11841189116239548,1069.0989990234375,0.38596785068511963,-60.98849868774414,-0.8494684100151062,-14.721570014953613,-0.41952455043792725,31.367006301879883,0.2447960376739502,-0.03585850074887276,-0.8744163513183594,-0.013739841058850288,-0.8142872452735901,0.6118956804275513,0.8211065530776978,38.433868408203125,0.2497948557138443,0.3759441077709198,27.649606704711914,1.3090136051177979,6.88203239440918,-0.7959949970245361,-14.2080659866333,-11.870710372924805,26.72447967529297,-0.04195607826113701,-0.010355650447309017,0.5095840096473694,1.936619758605957,3.552398204803467,0.22899998724460602,0.3459610342979431,0.05090908706188202,0.026441888883709908,-23.2582950592041
outside,tired_20.wav,tired,25.79398536682129,0.36137986183166504,15.326190948486328,29.854692459106445,34.951656341552734,19.625465393066406,283.77239990234375,412.64306640625,149.4898681640625,143.32728576660156,0.9825382232666016,0.9779650568962097,0.17089314758777618,0.5972410440444946,1.793055772781372,1.6221625804901123,20.494770050048828,12.07474136352539,18.739038467407227,12.015981674194336,0.8573731184005737,1.2381728887557983,32.71174240112305,0.4991607069969177,10.981658935546875,0.915724515914917,3.096559524536133,4.846119403839111,0.11139706522226334,121.82182312011719,0.11512656509876251,1.479174017906189,1.5618464946746826,0.8304910063743591,2.794567823410034,2.683161497116089,8.726390838623047,2.8195385932922363,31.532129287719727,0.6365596055984497,766.2208862304688,0.26591911911964417,1294.5595703125,0.22722890973091125,-52.26206970214844,-1.2646746635437012,1737.8118896484375,0.1754399538040161,957.3831176757812,0.3727118670940399,-58.45250701904297,-1.046741247177124,2964.9462890625,0.10447542369365692,811.2695922851562,0.46256181597709656,-68.42141723632812,-0.8274658918380737,-18.919918060302734,-0.43267861008644104,34.622840881347656,0.24658355116844177,-0.005569911561906338,-9.78167724609375,-0.016107207164168358,-0.7233321070671082,0.9680142998695374,1.16909658908844,36.18520736694336,0.3585973083972931,10.537644386291504,0.9002875685691833,3.2351887226104736,4.898580074310303,-0.9308805465698242,-15.101469039916992,-11.340110778808594,22.49496078491211,-0.027205662801861763,-0.00785647053271532,0.4079415500164032,2.605863332748413,2.6402640342712402,0.3037499785423279,0.23059365153312683,0.07000000029802322,0.0627162903547287,-19.384552001953125
outside,tired_21.wav,tired,23.548675537109375,0.3548244535923004,15.704497337341309,19.801082611083984,33.991424560546875,18.28692626953125,246.96023559570312,372.235595703125,84.96158599853516,61.87180709838867,0.7281557321548462,0.981012761592865,0.13430778682231903,0.4485519230365753,1.2395199537277222,1.1052122116088867,12.330100059509277,8.35834789276123,10.241010665893555,6.870462417602539,0.647184431552887,1.0766295194625854,35.55479049682617,0.4222046136856079,15.030067443847656,0.7180386781692505,6.960396766662598,1.4178462028503418,7.0124945640563965,1.3428899049758911,0.08412326872348785,1.3265740871429443,1.812491536140442,0.7153306007385254,1.25197172164917,5.655522346496582,8.549686431884766,2.236935615539551,36.07766342163086,0.36786001920700073,700.5225219726562,0.2548764944076538,1427.80615234375,0.1682799756526947,-45.27553176879883,-1.3174269199371338,1693.67626953125,0.14019159972667694,1109.159423828125,0.3061933219432831,-54.811370849609375,-1.0149314403533936,2901.522216796875,0.11694221198558807,982.8209838867188,0.378745436668396,-64.88289642333984,-0.795367419719696,-23.494606018066406,-0.3222584128379822,37.407066345214844,0.2255774736404419,-0.01675647497177124,-3.0519070625305176,-0.0175357423722744,-0.6187681555747986,0.6841598153114319,1.0474289655685425,39.442012786865234,0.2678881883621216,13.970842361450195,0.6572279930114746,7.7301812171936035,1.3099054098129272,7.122334003448486,1.351165533065796,-11.420012474060059,20.431833267211914,-0.017224574461579323,-0.010200953111052513,0.4536835253238678,1.9736841917037964,1.3245033025741577,0.640999972820282,0.4634748697280884,0.09888888895511627,0.046294812113046646,-21.713821411132812
outside,tired_3.wav,tired,22.31011390686035,0.38036981225013733,14.152307510375977,17.534849166870117,32.06063461303711,17.908327102661133,315.3055114746094,506.2143859863281,87.48877716064453,67.98030090332031,0.720333993434906,0.4820798635482788,0.43450260162353516,0.5421251654624939,1.0846340656280518,0.6501314640045166,6.001758575439453,3.693143844604492,4.960300445556641,3.0303850173950195,0.5100547671318054,0.5142719745635986,38.38866424560547,0.18660342693328857,3.5601425170898438,2.838526487350464,4.74625825881958,1.552331805229187,2.3082146644592285,3.935009002685547,0.08412108570337296,1.6900649070739746,1.2584234476089478,0.7517507076263428,0.8772698640823364,8.797996520996094,3.1051666736602783,7.014707565307617,24.866832733154297,0.699698805809021,731.1515502929688,0.23063988983631134,1444.988037109375,0.15106575191020966,-42.82861328125,-1.194382905960083,1618.27587890625,0.12800899147987366,1222.668212890625,0.2614814043045044,-50.184085845947266,-0.9632017016410828,2830.294677734375,0.12473537027835846,997.5948486328125,0.43590593338012695,-60.434722900390625,-0.746036171913147,-18.397886276245117,-0.34236404299736023,34.52243423461914,0.21960465610027313,-0.03192685544490814,-0.9866052269935608,-0.015446796081960201,-0.6353094577789307,0.514004111289978,0.5125163197517395,39.185970306396484,0.15324057638645172,4.601975917816162,2.2148659229278564,4.656035423278809,1.53086256980896,1.9027193784713745,4.83148717880249,-12.831109046936035,26.644041061401367,-0.05188262462615967,-0.010763038881123066,0.490119069814682,2.7444255352020264,3.472222328186035,0.24299998581409454,0.2827914357185364,0.04625000059604645,0.01798436790704727,-23.569570541381836
cafe,happy_1.wav,happy,19.39051055908203,0.3951159417629242,13.100661277770996,14.836324691772461,25.329166412353516,12.22850513458252,245.6917724609375,306.1357421875,172.57449340820312,125.75045776367188,0.8042285442352295,0.3242552578449249,0.5694853067398071,0.7613928914070129,1.0343056917190552,0.46482038497924805,6.683030605316162,4.924106597900391,4.410879611968994,4.014390468597412,0.7357036471366882,0.35444176197052,34.629974365234375,0.2882184386253357,7.423588752746582,1.1257095336914062,13.255887985229492,0.5080872774124146,7.8330793380737305,1.142637848854065,0.13989423215389252,1.4372766017913818,1.4953523874282837,0.5693225264549255,-0.9123464822769165,-3.893963575363159,10.283100128173828,2.1900787353515625,29.1379451751709,0.24034741520881653,638.4976196289062,0.3924277424812317,1407.8017578125,0.16677188873291016,-22.290576934814453,-1.6447466611862183,1629.9698486328125,0.16967061161994934,1107.442626953125,0.2402333915233612,-31.843961715698242,-1.0752646923065186,2700.3330078125,0.11997421830892563,948.6910400390625,0.3400450050830841,-39.21160888671875,-0.8259440660476685,-17.901371002197266,-0.22605590522289276,28.811880111694336,0.1918966919183731,0.0009708313154987991,26.712268829345703,-0.012215998023748398,-0.5664449334144592,0.7379207015037537,0.358665406703949,34.788787841796875,0.28626367449760437,7.445694446563721,1.1349756717681885,13.18669605255127,0.5165013670921326,7.876593112945557,1.1508179903030396,-16.43244743347168,25.523168563842773,0.0014320078771561384,-0.011497527360916138,0.6771553158760071,5.069124698638916,0.700934648513794,1.399999976158142,1.4744715690612793,0.019999999552965164,0.0,-27.761369705200195
cafe,happy_13.wav,happy,29.814180374145508,0.30393290519714355,22.73345947265625,31.757253646850586,38.565940856933594,15.832481384277344,143.71534729003906,83.81350708007812,180.08094787597656,131.31216430664062,1.5185019969940186,0.4774601459503174,0.762609601020813,1.4990097284317017,2.233611822128296,1.471002221107483,14.378556251525879,8.809591293334961,12.564117431640625,6.854032039642334,1.5199187994003296,0.78104567527771,31.37532615661621,0.33245885372161865,14.669328689575195,0.8062210083007812,6.929416179656982,1.4715385437011719,-10.22175121307373,-1.2471340894699097,0.07944375276565552,1.731957197189331,1.1502760648727417,0.6091820001602173,3.923489570617676,1.3184431791305542,11.886253356933594,1.1834391355514526,31.82261848449707,0.2802949547767639,665.9285888671875,0.23360446095466614,1305.915771484375,0.16728325188159943,-28.807828903198242,-1.6321779489517212,1773.739501953125,0.16298870742321014,1004.1439208984375,0.4415622651576996,-40.98540496826172,-1.0365127325057983,2922.565185546875,0.09673944115638733,843.4495239257812,0.6460664868354797,-47.20368576049805,-0.859763503074646,-19.60855484008789,-0.31392645835876465,30.607507705688477,0.2321174591779709,0.03610074520111084,0.9362512826919556,-0.02738717570900917,-0.3164059519767761,1.6049796342849731,0.7486833930015564,32.74028778076172,0.2788064777851105,13.454957008361816,0.796528160572052,7.328434944152832,1.353094220161438,-11.592732429504395,-1.06031334400177,-15.73072624206543,21.559175491333008,0.011618818156421185,-0.022739173844456673,0.8993824124336243,3.669724702835083,1.557632327079773,0.5899999737739563,0.48340457677841187,0.04666666314005852,0.03771236166357994,-17.390621185302734
cafe,happy_14.wav,happy,28.285850524902344,0.33400455117225647,20.736547470092773,25.443029403686523,36.81024169921875,16.073694229125977,151.49620056152344,82.7671127319336,163.7899932861328,99.64678192138672,1.5242891311645508,0.6221940517425537,0.723537027835846,1.3214211463928223,2.1473135948181152,1.423776626586914,24.598430633544922,19.7398624420166,18.37568473815918,8.991498947143555,1.8186918497085571,0.9111767411231995,33.44096374511719,0.267954021692276,10.358868598937988,1.0109485387802124,3.2063963413238525,3.841719627380371,-9.685500144958496,-1.1524157524108887,0.11665503680706024,1.3522484302520752,1.545040488243103,0.6946587562561035,1.7331823110580444,2.9708564281463623,5.81219482421875,1.8952147960662842,28.584671020507812,0.412519633769989,680.2249755859375,0.255188524723053,1366.7169189453125,0.15281717479228973,-23.0992374420166,-1.7781455516815186,1687.0550537109375,0.1482561230659485,1094.6444091796875,0.30947086215019226,-34.159019470214844,-1.066408395767212,2908.09716796875,0.09634967148303986,847.9605102539062,0.4444037079811096,-43.3134765625,-0.7806538343429565,-17.760467529296875,-0.3077991008758545,30.336772918701172,0.22880931198596954,0.033525269478559494,1.0378865003585815,-0.025201179087162018,-0.30721527338027954,1.8729791641235352,0.8947733044624329,33.935306549072266,0.25015509128570557,9.815524101257324,1.026540756225586,2.986809015274048,4.150328159332275,-10.150311470031738,-1.09208345413208,-14.132927894592285,20.948083877563477,-0.007080435752868652,-0.021300049498677254,1.1483330726623535,3.095238208770752,1.207729458808899,0.7919999361038208,0.4142173230648041,0.04999999701976776,0.0,-17.937498092651367
cafe,happy_15.wav,happy,27.87348175048828,0.30355969071388245,21.67743492126465,25.772933959960938,35.93806076049805,14.260625839233398,182.01080322265625,137.39759826660156,103.39649963378906,65.6793441772461,1.683353066444397,0.6486425995826721,0.795539140701294,1.3041749000549316,2.7606546878814697,1.9651155471801758,22.718063354492188,12.754934310913086,20.72933578491211,16.448251724243164,1.940360426902771,0.8011761903762817,35.649078369140625,0.3043663799762726,11.824089050292969,1.258069396018982,4.44360876083374,2.460676908493042,-6.843876838684082,-1.4472458362579346,0.0896746963262558,1.7049702405929565,1.318790316581726,0.6037923693656921,2.620619773864746,1.9618240594863892,12.028434753417969,0.9706260561943054,35.216819763183594,0.2764568626880646,687.0504150390625,0.2402077317237854,1362.9964599609375,0.14384619891643524,-30.815736770629883,-1.7128005027770996,1715.7716064453125,0.14359596371650696,1076.892578125,0.31476065516471863,-42.99802017211914,-1.1148515939712524,2923.4638671875,0.10368964821100235,896.0077514648438,0.4200931489467621,-51.30065155029297,-0.8879228830337524,-19.387174606323242,-0.3441348969936371,31.531131744384766,0.277927041053772,0.040224459022283554,0.721950113773346,-0.025638960301876068,-0.2839111387729645,2.00577712059021,0.7884629964828491,36.4620246887207,0.26881322264671326,10.811470031738281,1.363450527191162,4.909453392028809,2.242741346359253,-7.298645973205566,-1.3716504573822021,-15.643997192382812,25.401315689086914,0.02810433693230152,-0.02446484938263893,1.6861134767532349,2.973977565765381,1.3282732963562012,0.6928571462631226,0.5939627885818481,0.06749999523162842,0.020463380962610245,-16.916431427001953
cafe,happy_16.wav,happy,28.054035186767578,0.3135702610015869,21.723926544189453,24.94145965576172,37.727848052978516,16.003921508789062,384.22784423828125,533.3795776367188,134.85496520996094,158.5718231201172,1.5284278392791748,0.7798360586166382,0.3903989791870117,1.250554084777832,2.761878490447998,2.3714795112609863,31.70963478088379,20.356979370117188,21.008827209472656,13.302204132080078,1.666663408279419,0.9563049077987671,33.28376007080078,0.2961045503616333,10.520922660827637,1.189483642578125,6.180728912353516,2.1654677391052246,-5.784803867340088,-1.8845633268356323,0.11866264790296555,1.5803427696228027,1.4899989366531372,0.7231631875038147,2.9257609844207764,1.8006951808929443,10.8941650390625,1.4947115182876587,32.13872528076172,0.24594347178936005,647.7587890625,0.30653539299964905,1366.152587890625,0.15756364166736603,-24.13483428955078,-1.6832833290100098,1650.9307861328125,0.1489429622888565,1105.02490234375,0.28841066360473633,-36.483768463134766,-1.0108695030212402,2848.408935546875,0.09004063904285431,879.1758422851562,0.47726547718048096,-45.049278259277344,-0.7583723664283752,-18.686058044433594,-0.3708330988883972,31.02887535095215,0.2560712695121765,0.022501619532704353,1.6239054203033447,-0.02235245332121849,-0.37785911560058594,1.71793532371521,0.9400455355644226,34.04585647583008,0.2603064775466919,9.767313003540039,1.2361153364181519,6.2182698249816895,2.16388201713562,-6.067680835723877,-1.8196287155151367,-13.765658378601074,19.884931564331055,0.030652396380901337,-0.022803105413913727,1.0271060466766357,2.973977565765381,1.3157895803451538,0.7185713648796082,0.8281550407409668,0.04999999701976776,0.0,-16.960729598999023
cafe,happy_17.wav,happy,29.60465431213379,0.3061057925224304,23.164011001586914,28.998992919921875,38.937957763671875,15.773946762084961,245.42697143554688,183.74661254882812,105.96529388427734,88.03858184814453,1.6234416961669922,0.6376386880874634,0.5836120843887329,1.3689237833023071,2.6588757038116455,2.075263500213623,25.103965759277344,15.14073371887207,22.69504737854004,12.09743881225586,1.6724501848220825,0.7775648236274719,33.78578186035156,0.23676887154579163,9.057377815246582,1.0214893817901611,5.835888862609863,1.7772387266159058,-7.966755390167236,-1.565079689025879,0.08142006397247314,1.528838872909546,1.2013417482376099,0.7115218043327332,3.5784034729003906,1.615168809890747,11.14279556274414,0.7541639804840088,32.293190002441406,0.30636078119277954,677.5466918945312,0.2652057111263275,1359.2860107421875,0.14647069573402405,-20.711746215820312,-1.7925108671188354,1703.8282470703125,0.13917367160320282,1105.8397216796875,0.4037940800189972,-32.591896057128906,-1.0092730522155762,2893.404052734375,0.11411171406507492,867.224365234375,0.5494347214698792,-41.151187896728516,-0.7580491304397583,-18.66389274597168,-0.3485141098499298,30.63595199584961,0.2421465665102005,0.03416603431105614,1.0721566677093506,-0.024357307702302933,-0.4338557720184326,1.7378863096237183,0.7402739524841309,34.0692253112793,0.23589475452899933,8.775888442993164,1.0640218257904053,5.492059230804443,1.8933383226394653,-8.566534042358398,-1.449120044708252,-20.73771858215332,30.906658172607422,-0.00036290541174821556,-0.014289441518485546,0.5576756596565247,3.022670030593872,0.7672634720802307,1.256666660308838,0.7006821036338806,0.03500000014901161,0.004999999888241291,-16.08946990966797
cafe,happy_18.wav,happy,29.674978256225586,0.32336100935935974,21.679603576660156,33.039276123046875,38.807289123535156,17.127685546875,175.55397033691406,151.1680145263672,114.8007583618164,92.39041900634766,1.6574686765670776,0.6646606922149658,0.47582733631134033,1.4785683155059814,2.75081205368042,2.274984836578369,21.751190185546875,9.066452980041504,21.593915939331055,12.903746604919434,1.7911320924758911,0.8031294941902161,33.90041732788086,0.3186178505420685,11.23941707611084,1.2527070045471191,6.087011814117432,2.517977237701416,-7.900391578674316,-1.6180001497268677,0.090858593583107,1.8628300428390503,1.3296079635620117,0.8903113603591919,3.9318859577178955,1.3881548643112183,10.859460830688477,1.126767635345459,33.7487907409668,0.2755318582057953,626.8646850585938,0.28611165285110474,1343.8656005859375,0.15484674274921417,-21.421566009521484,-1.7912054061889648,1677.07666015625,0.13548628985881805,1004.8134765625,0.30948710441589355,-33.340293884277344,-1.0158624649047852,2855.96875,0.09515465050935745,889.1873168945312,0.5027257800102234,-42.2106819152832,-0.7440710663795471,-19.420209884643555,-0.3884492516517639,31.32477378845215,0.27145618200302124,0.032496191561222076,1.1673322916030884,-0.02602328173816204,-0.3528452217578888,1.835243582725525,0.7820364236831665,34.499122619628906,0.2972898483276367,10.504043579101562,1.300516128540039,5.946686267852783,2.6146717071533203,-8.252455711364746,-1.554927110671997,-12.487833023071289,20.120925903320312,0.027481714263558388,-0.028051655739545822,1.854217290878296,3.378378391265869,0.6928406357765198,1.399999976158142,0.34418985247612,0.03999999910593033,0.019999999552965164,-16.35405158996582
cafe,happy_19.wav,happy,30.363237380981445,0.29144352674484253,23.10325813293457,32.21918487548828,38.139766693115234,15.036508560180664,362.34906005859375,592.5379028320312,327.2406005859375,673.8059692382812,1.6218522787094116,0.605263888835907,0.5893516540527344,1.5543746948242188,2.4478325843811035,1.8584809303283691,17.75687599182129,8.087227821350098,21.760604858398438,13.883118629455566,1.8122884035110474,0.844012439250946,30.172170639038086,0.36685970425605774,13.599932670593262,0.7613773941993713,8.776098251342773,1.5442224740982056,-7.8755364418029785,-1.7786186933517456,0.11393089592456818,1.5087425708770752,1.4393059015274048,0.650938093662262,4.476123332977295,1.317114233970642,12.775028228759766,1.2675029039382935,32.36788558959961,0.2759517729282379,631.8934326171875,0.3170716464519501,1330.9814453125,0.14094984531402588,-30.108539581298828,-1.6533094644546509,1731.033447265625,0.16080987453460693,1012.609619140625,0.39623573422431946,-43.326175689697266,-1.0053619146347046,2844.5546875,0.09799753129482269,811.5198974609375,0.43839019536972046,-48.9747428894043,-0.8462318181991577,-19.978208541870117,-0.3225427567958832,30.016830444335938,0.23570919036865234,0.04102974385023117,0.9870513677597046,-0.025611691176891327,-0.4494728147983551,1.8910678625106812,0.8163569569587708,31.564224243164062,0.2833254933357239,12.62839126586914,0.754961371421814,8.843502044677734,1.5592637062072754,-9.151093482971191,-1.5100970268249512,-10.136155128479004,17.646677017211914,0.029172971844673157,-0.017306888476014137,1.8119826316833496,4.278074741363525,1.38504159450531,0.6719999313354492,0.42376410961151123,0.04999999701976776,0.021602468565106392,-15.893562316894531
cafe,happy_2.wav,happy,20.81539535522461,0.40693798661231995,13.130390167236328,16.567975997924805,31.794818878173828,18.6644287109375,182.5266571044922,174.04347229003906,121.03653717041016,58.000343322753906,1.1442598104476929,0.2718386650085449,0.8509272336959839,1.0954400300979614,1.4791784286499023,0.6282511949539185,8.954415321350098,4.925875186920166,5.241156101226807,3.5824098587036133,0.8734115362167358,0.35547950863838196,21.227651596069336,0.4068431556224823,8.036077499389648,0.8134263753890991,13.846059799194336,0.49930185079574585,1.5517710447311401,3.8077657222747803,0.10659239441156387,1.6237390041351318,1.4687442779541016,0.5138169527053833,-1.1966137886047363,-3.850250005722046,3.577758550643921,2.8916521072387695,21.46209144592285,0.3003930151462555,729.8698120117188,0.4036308825016022,1244.42822265625,0.1871960312128067,-46.614017486572266,-1.4925252199172974,1792.7889404296875,0.16366541385650635,901.970947265625,0.29366815090179443,-52.141910552978516,-1.2541583776474,2858.907958984375,0.12538762390613556,879.2063598632812,0.3680059611797333,-54.98634719848633,-1.1653035879135132,-13.332744598388672,-0.31911709904670715,20.91586685180664,0.23188988864421844,0.01994229108095169,1.2277315855026245,-0.01325059961527586,-0.5703422427177429,0.8694523572921753,0.3528405427932739,22.953594207763672,0.3583310842514038,7.960127353668213,0.8053203821182251,14.016389846801758,0.5222665071487427,1.5171582698822021,4.101972579956055,-8.8414888381958,15.326462745666504,0.022477703168988228,-0.010109182447195053,1.002615213394165,4.892966270446777,3.1645572185516357,0.2549999952316284,0.2040710598230362,0.05714285746216774,0.030101865530014038,-27.10598373413086
cafe,happy_20.wav,happy,28.71609878540039,0.3428463637828827,17.341554641723633,30.355052947998047,38.05261993408203,20.7110652923584,166.05880737304688,168.99679565429688,370.0330505371094,891.171142578125,1.6978421211242676,0.6289606094360352,0.7167549729347229,1.4156261682510376,2.4356210231781006,1.7188661098480225,25.327634811401367,16.584360122680664,16.401025772094727,8.206138610839844,1.7699047327041626,0.8294854760169983,30.61833381652832,0.292880117893219,8.263575553894043,1.4801408052444458,8.825103759765625,1.2639011144638062,-12.603517532348633,-1.0531879663467407,0.08203544467687607,1.556687831878662,1.2696962356567383,0.7231009006500244,3.8888487815856934,1.5895150899887085,15.244296073913574,1.0870214700698853,32.191856384277344,0.2543381452560425,644.26318359375,0.26956698298454285,1352.81884765625,0.13388442993164062,-22.058385848999023,-1.8332842588424683,1748.1226806640625,0.1409793645143509,1009.5919189453125,0.33455267548561096,-34.98602294921875,-1.0176199674606323,2901.38623046875,0.0951123759150505,877.2108154296875,0.5272185802459717,-41.11884689331055,-0.8231407403945923,-18.13527488708496,-0.34273669123649597,28.153501510620117,0.2524402439594269,0.045348431915044785,0.9648499488830566,-0.0248856358230114,-0.4212085008621216,1.785835862159729,0.8249078392982483,31.14775276184082,0.2693614959716797,8.096213340759277,1.4872815608978271,8.896370887756348,1.2604268789291382,-12.806827545166016,-1.0353972911834717,-9.41448974609375,18.721759796142578,0.07366467267274857,-0.014731603674590588,2.2187342643737793,3.095238208770752,0.966183602809906,0.9975000023841858,0.8696658611297607,0.03500000014901161,0.004999999888241291,-16.070701599121094
cafe,happy_21.wav,happy,30.49117660522461,0.3402557075023651,17.381961822509766,33.765625,40.598201751708984,23.21623992919922,165.24444580078125,120.21931457519531,100.70883178710938,98.6273193359375,1.7567309141159058,0.6783325672149658,0.6292280554771423,1.532118797302246,2.6501190662384033,2.020890951156616,30.250539779663086,17.915225982666016,23.859437942504883,12.762282371520996,1.970355749130249,0.8542954325675964,33.99777603149414,0.378387451171875,6.674352169036865,2.0288004875183105,1.6314681768417358,6.648105144500732,-13.899481773376465,-0.8469587564468384,0.05390426889061928,2.119805335998535,1.4590338468551636,0.8039775490760803,3.9541523456573486,1.7308127880096436,8.808083534240723,1.2946799993515015,31.517742156982422,0.33292755484580994,653.098876953125,0.28276917338371277,1367.3232421875,0.16414648294448853,-29.13934326171875,-1.9765609502792358,1659.439697265625,0.1353536695241928,1008.9644165039062,0.3393048942089081,-40.12985610961914,-1.2649211883544922,2877.32373046875,0.10245389491319656,895.7484130859375,0.6022050380706787,-49.64755630493164,-0.9540308117866516,-18.346677780151367,-0.3974895477294922,30.761770248413086,0.2824316620826721,0.07114042341709137,0.5534564852714539,-0.02595558762550354,-0.35817697644233704,2.0684595108032227,0.8361960649490356,35.878753662109375,0.30450817942619324,5.028405666351318,2.5365288257598877,1.8258072137832642,6.120948314666748,-14.487828254699707,-0.8158678412437439,-12.082911491394043,18.966259002685547,0.05797616392374039,-0.024038691073656082,1.2944589853286743,3.4623219966888428,1.6494845151901245,0.5450000166893005,0.45768439769744873,0.035555556416511536,0.015713483095169067,-15.900298118591309
cafe,happy_3.wav,happy,24.798778533935547,0.3814060688018799,15.357866287231445,21.025861740112305,32.94717025756836,17.589303970336914,233.5894317626953,275.23382568359375,143.51390075683594,112.28789520263672,1.1089650392532349,0.24360737204551697,0.8515630960464478,1.0737248659133911,1.3688857555389404,0.5173226594924927,7.884329795837402,5.0593581199646,4.145510673522949,3.1375930309295654,0.960665762424469,0.30993008613586426,26.478792190551758,0.3171856999397278,10.288036346435547,0.9205198884010315,13.275688171386719,0.6052852272987366,1.7281254529953003,4.036640644073486,0.08250735700130463,1.3616838455200195,1.5020666122436523,0.550319254398346,0.40999311208724976,10.956270217895508,5.046749114990234,2.67386794090271,25.328554153442383,0.3772730827331543,610.6939086914062,0.4097232520580292,1326.8067626953125,0.15432901680469513,-27.49319839477539,-2.0318846702575684,1703.01611328125,0.14771722257137299,988.2022094726562,0.2626307010650635,-38.33797073364258,-1.2843595743179321,2747.291259765625,0.12166152894496918,1054.529541015625,0.4418225586414337,-42.24968719482422,-1.1459308862686157,-17.309688568115234,-0.290005624294281,25.966407775878906,0.23311294615268707,0.026747792959213257,0.9027295708656311,-0.01786893978714943,-0.4216654896736145,0.9549837112426758,0.31632477045059204,27.874422073364258,0.2136312872171402,9.853558540344238,0.7542679309844971,13.880195617675781,0.5743277072906494,1.645767331123352,4.345792770385742,-8.34058666229248,15.280776023864746,0.019569724798202515,-0.01517473254352808,1.0457096099853516,4.620461940765381,2.3569023609161377,0.3742856979370117,0.4011361300945282,0.04999999701976776,0.040620192885398865,-25.508832931518555
cafe,stressed_1.wav,stressed,18.240276336669922,0.34695881605148315,13.105175971984863,14.163795471191406,24.876375198364258,11.771199226379395,321.8094482421875,512.2911987304688,101.12096405029297,50.565120697021484,0.878450870513916,0.27958106994628906,0.6665393114089966,0.7957044839859009,1.1403107643127441,0.47377145290374756,4.500416278839111,2.5142006874084473,4.030772686004639,2.3113183975219727,0.9119863510131836,0.34537991881370544,35.317665100097656,0.27046093344688416,8.319815635681152,0.8898272514343262,10.18509578704834,0.565632700920105,5.909835338592529,1.0274131298065186,0.1270262449979782,1.4177905321121216,1.4903907775878906,0.5370123982429504,-1.570358395576477,-1.6443370580673218,4.161673545837402,5.0643229484558105,27.543960571289062,0.6204217076301575,604.2918701171875,0.36687710881233215,1442.39697265625,0.14352992177009583,-33.0221061706543,-1.5706708431243896,1602.0194091796875,0.16481046378612518,1144.478515625,0.24419356882572174,-42.18751525878906,-1.1573933362960815,2683.580810546875,0.12247774749994278,1005.0804443359375,0.43404620885849,-49.55558395385742,-0.9346446990966797,-17.98939323425293,-0.23635348677635193,30.03411102294922,0.1811547726392746,0.005660919472575188,4.314794540405273,-0.014640017412602901,-0.45095503330230713,0.9132018089294434,0.35190773010253906,35.698997497558594,0.26068589091300964,8.5504732131958,0.8540008068084717,10.47803783416748,0.5437845587730408,6.176138401031494,0.9857110381126404,-12.544507026672363,22.31089210510254,0.002880136715248227,-0.01232517883181572,0.978111207485199,4.278074741363525,1.6348774433135986,0.5633333325386047,0.3386574387550354,0.042500000447034836,0.028613807633519173,-26.905670166015625
cafe,stressed_13.wav,stressed,32.20717239379883,0.21437908709049225,25.23596954345703,33.762149810791016,38.39430236816406,13.158332824707031,318.7950439453125,446.2565612792969,117.05289459228516,163.45526123046875,1.841436505317688,0.5612973570823669,0.8565894365310669,1.800498604774475,2.8737165927886963,2.01712703704834,16.69089126586914,11.734115600585938,12.62519359588623,7.825164318084717,1.512518286705017,0.6802131533622742,28.88181495666504,0.38431045413017273,0.28016749024391174,51.8347282409668,-1.5095094442367554,-6.379065036773682,-17.119976043701172,-0.6620116829872131,0.047449734061956406,2.312347412109375,1.1680891513824463,0.7183657288551331,5.106757640838623,1.3266141414642334,7.775323390960693,1.8527997732162476,26.653215408325195,0.44328469038009644,585.9830932617188,0.3308287262916565,1326.7559814453125,0.15930770337581635,-50.0028190612793,-1.5661648511886597,1605.350341796875,0.16368156671524048,1059.13720703125,0.3391874432563782,-54.687477111816406,-1.2840508222579956,2736.966796875,0.10526610165834427,881.9373168945312,0.40357258915901184,-62.75755310058594,-1.051137924194336,-14.937159538269043,-0.44018957018852234,26.651201248168945,0.24475914239883423,0.08233202248811722,0.324482262134552,-0.026200026273727417,-0.3456515967845917,1.7355881929397583,0.5866855382919312,32.230037689208984,0.26093506813049316,-1.9592400789260864,-7.2376790046691895,-0.7704485654830933,-13.06107234954834,-19.739187240600586,-0.571283221244812,-9.025192260742188,16.154327392578125,0.05789625644683838,-0.020524632185697556,0.9203415513038635,3.475935935974121,3.3057851791381836,0.22999998927116394,0.2995830178260803,0.05636363476514816,0.037724532186985016,-16.264970779418945
cafe,stressed_14.wav,stressed,31.509572982788086,0.3044687509536743,21.862913131713867,33.82703399658203,40.86578369140625,19.002870559692383,358.89154052734375,436.2159423828125,171.88160705566406,164.8824462890625,2.054523468017578,0.6730981469154358,0.6412795186042786,1.8369488716125488,3.1842892169952393,2.5430097579956055,37.10715103149414,23.908708572387695,33.086952209472656,17.026845932006836,2.25624942779541,0.8502283096313477,28.660629272460938,0.3435920774936676,2.7599892616271973,4.922506332397461,-2.1472513675689697,-5.4403557777404785,-16.8464412689209,-0.8119428157806396,0.07183245569467545,1.7897841930389404,1.2132033109664917,0.6162182092666626,3.232872724533081,2.0483317375183105,7.122150421142578,1.9598467350006104,25.708707809448242,0.3892720341682434,615.48583984375,0.3198544681072235,1344.9615478515625,0.17242564260959625,-53.64540100097656,-1.4920371770858765,1648.20068359375,0.15522834658622742,1042.0509033203125,0.4165227711200714,-54.225154876708984,-1.2637619972229004,2817.66845703125,0.11031987518072128,844.956787109375,0.42309433221817017,-61.591209411621094,-1.053998351097107,-13.961705207824707,-0.3455542325973511,25.67792510986328,0.20691335201263428,0.06817615032196045,0.4578753411769867,-0.027209600433707237,-0.27782124280929565,2.5525975227355957,0.7654797434806824,31.33109474182129,0.24025537073612213,-0.5192543268203735,-23.7005672454834,-1.7043777704238892,-7.40453577041626,-19.493867874145508,-0.6790210604667664,-11.975646018981934,20.06199836730957,0.04758958891034126,-0.02110736444592476,1.3219435214996338,4.010694980621338,3.25203275680542,0.23333333432674408,0.12957194447517395,0.05454545468091965,0.033402133733034134,-15.552739143371582
cafe,stressed_15.wav,stressed,29.616971969604492,0.29985755681991577,18.308889389038086,33.490116119384766,37.38371276855469,19.0748233795166,273.736083984375,242.47848510742188,173.18359375,129.51023864746094,1.7662019729614258,0.6402791142463684,0.8371975421905518,1.4197875261306763,2.9160523414611816,2.07885479927063,26.011091232299805,13.086031913757324,23.70974349975586,14.877645492553711,1.6286805868148804,0.8592399954795837,29.107467651367188,0.4847097098827362,3.983480453491211,3.7919487953186035,0.9421630501747131,14.062654495239258,-11.031899452209473,-0.7966781258583069,0.03698885813355446,1.752374291419983,0.8970289826393127,0.9174878001213074,3.6070215702056885,1.9987881183624268,8.863191604614258,1.4632035493850708,28.676504135131836,0.3540462255477905,624.9098510742188,0.31778356432914734,1352.82080078125,0.17063067853450775,-55.945953369140625,-1.3999996185302734,1654.841064453125,0.13996990025043488,1010.8150024414062,0.2979549765586853,-60.78371047973633,-1.1557049751281738,2772.999267578125,0.10572695732116699,944.7840576171875,0.4347456395626068,-68.3080062866211,-0.9677916765213013,-14.409463882446289,-0.44054973125457764,26.90537452697754,0.3257203996181488,0.07107173651456833,0.449859082698822,-0.022700581699609756,-0.38009780645370483,1.8725837469100952,0.782042920589447,32.87730026245117,0.36040565371513367,1.6499017477035522,8.519722938537598,1.2169671058654785,11.294103622436523,-12.225199699401855,-0.729311466217041,-9.647214889526367,15.629829406738281,0.05070236325263977,-0.019335178658366203,0.8763961791992188,2.736842155456543,3.617021322250366,0.20529410243034363,0.23599892854690552,0.058571428060531616,0.03502185642719269,-16.417490005493164
cafe,stressed_16.wav,stressed,30.034147262573242,0.3033495545387268,19.391082763671875,33.6508674621582,38.151649475097656,18.76056671142578,467.6046142578125,530.9285888671875,296.9580383300781,416.1081237792969,1.867056965827942,0.6808488965034485,0.6537975072860718,1.6479264497756958,3.0299408435821533,2.376143455505371,32.412757873535156,15.918984413146973,26.689035415649414,13.563982963562012,1.9317474365234375,0.8658648729324341,31.02348518371582,0.3526722192764282,0.74489825963974,19.508638381958008,-0.7356906533241272,-14.942558288574219,-15.592068672180176,-0.7104368209838867,0.07160793244838715,1.931039571762085,1.4216835498809814,0.7061645984649658,3.2685742378234863,2.0111804008483887,0.4522680342197418,48.42154312133789,22.280685424804688,1.000016689300537,580.6232299804688,0.33186253905296326,1381.757080078125,0.16083687543869019,-38.997406005859375,-1.8781260251998901,1582.302490234375,0.1334306299686432,1059.4029541015625,0.31586259603500366,-45.78779220581055,-1.403655767440796,2724.599365234375,0.09015773981809616,895.3658447265625,0.3963468074798584,-54.33333206176758,-1.1121058464050293,-14.088767051696777,-0.4678844213485718,26.971683502197266,0.28198862075805664,0.07300455123186111,0.5104125738143921,-0.02348899655044079,-0.3490597605705261,2.089662551879883,0.8253194093704224,32.846275329589844,0.3061875104904175,-1.0381669998168945,-14.250350952148438,-1.353156566619873,-8.227757453918457,-16.711170196533203,-0.6563788652420044,-12.805662155151367,22.03638458251953,0.05575314909219742,-0.021580496802926064,1.2753055095672607,3.9119808673858643,3.225806713104248,0.2546153664588928,0.22158917784690857,0.05714285746216774,0.032387953251600266,-16.289514541625977
cafe,stressed_17.wav,stressed,31.13936424255371,0.27976399660110474,20.532947540283203,33.793941497802734,38.384788513183594,17.85184097290039,88.0953369140625,31.966224670410156,80.14140319824219,39.77885055541992,1.678627610206604,0.6327946186065674,0.6174184679985046,1.5792268514633179,2.65677547454834,2.0393569469451904,21.947317123413086,13.833185195922852,21.28923988342285,11.425171852111816,1.5517269372940063,0.7574816942214966,32.34942626953125,0.3202824294567108,5.405425548553467,2.5295190811157227,0.3296484053134918,30.01270866394043,-14.69562816619873,-0.9015796184539795,0.03442620113492012,1.5725781917572021,1.2021795511245728,0.8955137133598328,5.5321364402771,1.2344563007354736,9.181191444396973,1.6682097911834717,31.119760513305664,0.4825826585292816,666.0537719726562,0.2935865521430969,1325.6151123046875,0.15144947171211243,-39.04496765136719,-1.6652716398239136,1682.0537109375,0.13589277863502502,1046.86083984375,0.3212694823741913,-46.88119125366211,-1.2428877353668213,2903.908203125,0.09545565396547318,865.5841674804688,0.6387317776679993,-55.88697814941406,-0.9810070395469666,-18.01462173461914,-0.4080391526222229,30.577909469604492,0.28876206278800964,0.08028048276901245,0.646694004535675,-0.025308236479759216,-0.39881664514541626,1.679111361503601,0.6986084580421448,34.17470169067383,0.28863972425460815,4.930157661437988,2.936282157897949,0.6682778000831604,15.887870788574219,-15.732283592224121,-0.8709679841995239,-13.956941604614258,23.178668975830078,0.07999531179666519,-0.01999390684068203,1.0343849658966064,3.669724702835083,3.1055901050567627,0.2639999985694885,0.33404189348220825,0.044999998062849045,0.040620192885398865,-15.83924388885498
cafe,stressed_18.wav,stressed,31.957250595092773,0.2781159281730652,19.058565139770508,35.97434997558594,38.6419677734375,19.583402633666992,196.4853515625,272.7317810058594,78.17013549804688,51.61953353881836,1.6408361196517944,0.7523462772369385,0.24772965908050537,1.467353105545044,2.745229959487915,2.497500419616699,21.402923583984375,12.41423511505127,22.438779830932617,12.156304359436035,1.5491454601287842,0.8626394867897034,33.54035186767578,0.4538463354110718,6.669275283813477,1.9938230514526367,-1.463951826095581,-8.253371238708496,-13.126493453979492,-1.1764535903930664,0.05046879127621651,2.1372931003570557,1.23539137840271,0.8185147047042847,5.799495697021484,1.2035956382751465,9.166976928710938,2.170236110687256,33.30704116821289,0.4527739882469177,642.6209106445312,0.2805185317993164,1329.40087890625,0.14244391024112701,-30.66349983215332,-1.988716721534729,1645.20703125,0.15619035065174103,987.6720581054688,0.28511255979537964,-40.23569869995117,-1.3379100561141968,2842.49755859375,0.1036456748843193,1013.0892944335938,0.5700184106826782,-51.8229866027832,-0.9466204047203064,-17.995378494262695,-0.5168749094009399,32.88811492919922,0.32036253809928894,0.0769941434264183,0.6333115100860596,-0.024996129795908928,-0.4855203926563263,1.7162154912948608,0.7687402367591858,36.25176239013672,0.34852665662765503,5.547157287597656,2.33524751663208,-2.151460647583008,-5.656885147094727,-14.871971130371094,-1.0299444198608398,-9.267261505126953,18.975406646728516,0.023520227521657944,-0.010649737901985645,0.3930080831050873,3.537735939025879,1.431980848312378,0.6150000095367432,0.5039427876472473,0.07400000095367432,0.051613952964544296,-15.124937057495117
cafe,stressed_19.wav,stressed,29.37548828125,0.34525996446609497,18.2935848236084,33.18282699584961,37.851593017578125,19.558008193969727,137.25244140625,129.96401977539062,100.72537231445312,67.96764373779297,1.3662831783294678,0.8049618005752563,0.32366469502449036,1.0848177671432495,2.2983362674713135,1.9746716022491455,23.773996353149414,10.545670509338379,23.772998809814453,15.389132499694824,1.4351803064346313,0.9388238787651062,31.885372161865234,0.45481905341148376,10.834545135498047,1.2274919748306274,5.603625297546387,2.425990343093872,-14.138578414916992,-1.0844926834106445,0.09578552097082138,1.7881063222885132,1.4371579885482788,0.7905125021934509,3.535017728805542,2.121854066848755,10.445075035095215,1.8380781412124634,30.775808334350586,0.6041351556777954,601.4935302734375,0.29507121443748474,1342.7200927734375,0.18020464479923248,-28.71527099609375,-2.1401991844177246,1669.869384765625,0.15615923702716827,969.2308349609375,0.3615301549434662,-41.5627326965332,-1.314378261566162,2825.26904296875,0.1070474162697792,993.9022216796875,0.4181048572063446,-49.31456756591797,-1.0490633249282837,-19.19182014465332,-0.47228243947029114,30.484378814697266,0.3612171709537506,0.06582401692867279,0.7474992275238037,-0.026312489062547684,-0.4140627682209015,1.566472053527832,0.8736647963523865,33.89732360839844,0.3909435570240021,9.551714897155762,1.3812191486358643,5.8790974617004395,2.373178482055664,-15.8781156539917,-0.9218862652778625,-15.418272018432617,24.961328506469727,0.010552190244197845,-0.014343569986522198,0.6304938793182373,3.7433154582977295,1.3586957454681396,0.6459999680519104,0.5053157210350037,0.08500000089406967,0.0482182539999485,-16.226463317871094
cafe,stressed_2.wav,stressed,21.816604614257812,0.39523813128471375,13.727169036865234,17.97573471069336,31.866037368774414,18.13886833190918,151.83099365234375,121.21038818359375,108.34365844726562,86.29446411132812,0.9750104546546936,0.2165161371231079,0.7819259166717529,0.9585160613059998,1.1562538146972656,0.3743278980255127,5.3355278968811035,3.0985891819000244,3.601820707321167,2.0449366569519043,0.9209507703781128,0.3630684018135071,31.104644775390625,0.22078891098499298,6.398747444152832,1.192073106765747,14.99680233001709,0.5565546154975891,0.059919293969869614,144.5157012939453,0.13072437047958374,1.5665887594223022,1.5934559106826782,0.5440834760665894,-1.384406328201294,-3.6405889987945557,7.371410846710205,3.1617674827575684,24.290143966674805,0.5157415270805359,685.8665771484375,0.3730877935886383,1407.36865234375,0.14302632212638855,-35.399566650390625,-1.5546916723251343,1735.003173828125,0.1492270678281784,1058.3441162109375,0.311594694852829,-42.67427444458008,-1.1819242238998413,2787.51416015625,0.10564471781253815,1026.141845703125,0.4621642827987671,-47.28633499145508,-1.0345896482467651,-16.578781127929688,-0.2685028910636902,25.173023223876953,0.22317761182785034,0.026196500286459923,0.9207249283790588,-0.017923925071954727,-0.44913703203201294,0.9341278076171875,0.3468738794326782,32.11083984375,0.18059846758842468,5.993868827819824,1.1894665956497192,15.92476749420166,0.4801146686077118,-0.6140072345733643,-13.614412307739258,-12.482124328613281,20.27195167541504,-0.005049541126936674,-0.017185401171445847,0.9144147038459778,4.29042911529541,1.013513445854187,0.9133333563804626,0.6262232661247253,0.07000000029802322,0.04999999701976776,-26.47776222229004
cafe,stressed_20.wav,stressed,26.410810470581055,0.3219459056854248,17.39042854309082,28.3299503326416,34.91560363769531,17.525175094604492,91.26363372802734,53.86104965209961,105.81561279296875,101.4093246459961,1.3374122381210327,0.8239817023277283,0.2701945900917053,1.130051612854004,2.2397236824035645,1.969529151916504,20.365474700927734,9.554473876953125,17.512311935424805,13.837677955627441,1.1961742639541626,0.8216285109519958,32.250404357910156,0.3090735971927643,11.0641508102417,1.4086724519729614,11.671971321105957,1.1566802263259888,-11.689079284667969,-1.3977091312408447,0.08246514946222305,1.564900517463684,1.1733511686325073,0.7606297135353088,3.0627834796905518,2.2777259349823,5.034846782684326,3.404364585876465,29.554054260253906,0.4847150444984436,563.6998901367188,0.36614271998405457,1287.24853515625,0.16822120547294617,-15.534957885742188,-2.7260496616363525,1635.977294921875,0.1539323329925537,1058.221923828125,0.3855268955230713,-31.220455169677734,-1.2211791276931763,2790.275390625,0.09424009174108505,849.4769897460938,0.4488258361816406,-37.74506378173828,-0.955588698387146,-19.786954879760742,-0.37549108266830444,30.619964599609375,0.27096936106681824,0.045693397521972656,1.2956891059875488,-0.0233202762901783,-0.4593309462070465,1.23039710521698,0.7865692377090454,32.766361236572266,0.29835444688796997,10.524226188659668,1.4996570348739624,11.911724090576172,1.1575088500976562,-12.213319778442383,-1.3611258268356323,-18.810178756713867,29.318470001220703,0.036805592477321625,-0.018594009801745415,0.864251434803009,2.702702760696411,1.141552448272705,0.8199999928474426,0.5978294014930725,0.042500000447034836,0.022776084020733833,-16.971399307250977
cafe,stressed_21.wav,stressed,28.67575454711914,0.28888338804244995,18.596961975097656,31.453100204467773,36.3950309753418,17.79806900024414,280.3024597167969,495.01007080078125,87.9301528930664,76.81097412109375,1.355562448501587,0.686553955078125,0.4698837101459503,1.295230746269226,2.101245403289795,1.631361722946167,22.045215606689453,12.907108306884766,15.674342155456543,7.421134948730469,1.3474234342575073,0.903355598449707,33.54360580444336,0.45788973569869995,12.729939460754395,1.0111645460128784,4.743185997009277,2.474104881286621,-10.03768253326416,-1.2919212579727173,0.07218802720308304,1.8526833057403564,1.395412564277649,0.890720784664154,4.620754718780518,1.532009482383728,7.968562602996826,2.509655714035034,34.4676513671875,0.5315447449684143,567.2152709960938,0.31254029273986816,1362.552001953125,0.16114619374275208,-31.972871780395508,-1.9188604354858398,1587.260986328125,0.143382266163826,1047.5400390625,0.2850162386894226,-44.340087890625,-1.232184648513794,2760.84228515625,0.11538520455360413,995.249267578125,0.4247090220451355,-54.376441955566406,-0.9330291748046875,-20.48162841796875,-0.4427337050437927,33.360809326171875,0.3239835500717163,0.06371800601482391,0.8076143264770508,-0.02426173724234104,-0.47033077478408813,1.424034833908081,0.8772135376930237,36.503849029541016,0.35911622643470764,11.463102340698242,1.105262041091919,4.466211318969727,2.71164870262146,-10.507168769836426,-1.242950439453125,-12.133821487426758,18.79786491394043,0.03606146574020386,-0.021797334775328636,0.973555326461792,3.8876888751983643,1.9736841917037964,0.4355555772781372,0.30302587151527405,0.05374999716877937,0.029973946511745453,-16.426401138305664
cafe,stressed_3.wav,stressed,20.501855850219727,0.3476826250553131,13.634597778320312,18.66593360900879,28.359853744506836,14.725255966186523,297.6319885253906,202.5955047607422,161.21633911132812,144.4579620361328,0.861605167388916,0.24664907157421112,0.6927751302719116,0.8507372140884399,1.0404832363128662,0.3477081060409546,5.801018714904785,3.486614942550659,3.304931640625,1.87599778175354,0.8388626575469971,0.425577312707901,31.349910736083984,0.39268141984939575,7.853089809417725,1.111038327217102,15.64606761932373,0.6231500506401062,3.080754518508911,2.162578821182251,0.18283332884311676,1.1673758029937744,1.7022911310195923,0.5195912718772888,-1.749082326889038,-1.967555284500122,5.971923351287842,2.4500014781951904,27.45754051208496,0.2666510045528412,687.1864013671875,0.4102681577205658,1373.4937744140625,0.22856922447681427,-21.271503448486328,-1.8150447607040405,1704.988525390625,0.16433513164520264,1048.8232421875,0.2984526455402374,-30.413660049438477,-1.1741045713424683,2763.34912109375,0.12174104154109955,942.251953125,0.3413902521133423,-36.12541961669922,-0.9584794044494629,-16.141460418701172,-0.38093140721321106,26.134979248046875,0.294615238904953,0.006584064103662968,3.6417949199676514,-0.013829230330884457,-0.4934963285923004,0.8554340600967407,0.4232209026813507,31.66624641418457,0.38288941979408264,7.9640703201293945,1.1123074293136597,16.056549072265625,0.6051779389381409,3.1872446537017822,2.1175708770751953,-12.639959335327148,22.874862670898438,0.023662284016609192,-0.012265343219041824,0.6670706272125244,4.642857074737549,1.465201497077942,0.6499999761581421,0.5955249667167664,0.02499999850988388,0.004999999888241291,-27.632543563842773
cafe,stressed_intense_1.wav,stressed,27.46938705444336,0.32600972056388855,16.93028450012207,30.008285522460938,35.97550582885742,19.04522132873535,71.67991638183594,36.55139923095703,94.81555938720703,64.25364685058594,1.204162836074829,0.754684329032898,0.29162102937698364,0.8952619433403015,2.059762954711914,1.7681419849395752,11.822765350341797,10.203351974487305,10.71760368347168,6.239470958709717,0.9337877035140991,0.8046416640281677,32.936763763427734,0.3719692528247833,10.608528137207031,1.2827414274215698,3.4408047199249268,3.57206654548645,-11.65479564666748,-1.428613543510437,0.04489981383085251,2.1067614555358887,1.3611129522323608,0.860863983631134,3.3910255432128906,2.119382619857788,5.976632595062256,3.194312810897827,31.91841697692871,0.4313601851463318,621.818603515625,0.3283582329750061,1343.94287109375,0.14086607098579407,-33.240455627441406,-1.9190131425857544,1666.479248046875,0.17456698417663574,1043.5665283203125,0.27530479431152344,-46.959320068359375,-1.2299792766571045,2813.697509765625,0.08770207315683365,869.3079223632812,0.4954008162021637,-54.59720993041992,-1.0057373046875,-20.728296279907227,-0.40329495072364807,33.53596496582031,0.2704998850822449,0.06361871212720871,1.0127390623092651,-0.023518232628703117,-0.4954753518104553,1.0275983810424805,0.7435863018035889,35.48273849487305,0.26740455627441406,9.802268981933594,1.3675358295440674,4.388430118560791,2.847503423690796,-11.877944946289062,-1.4568078517913818,-8.333194732666016,16.88087272644043,0.05338932201266289,-0.01745668798685074,0.39712920784950256,1.9559904336929321,1.2406948804855347,0.6980000138282776,0.6712197661399841,0.08799999952316284,0.04915282130241394,-18.534778594970703
cafe,stressed_intense_2.wav,stressed,28.207637786865234,0.3595271408557892,16.810527801513672,29.091609954833984,39.32743453979492,22.51690673828125,269.2662658691406,418.88470458984375,103.31187438964844,52.88405227661133,1.2699099779129028,0.8580016493797302,0.23004494607448578,0.9310312271118164,2.3067471981048584,2.076702356338501,31.094404220581055,17.78272819519043,20.26780128479004,10.83060073852539,1.2970263957977295,0.9897012114524841,34.05723571777344,0.3491402864456177,8.63380241394043,1.284678339958191,-2.1912691593170166,-5.463726997375488,-12.596766471862793,-1.2523363828659058,0.09049621224403381,1.389479398727417,1.3700608015060425,0.8503217101097107,3.0172390937805176,2.634328603744507,7.1553192138671875,1.6561005115509033,33.52341842651367,0.3542293608188629,625.8909301757812,0.276608943939209,1397.5706787109375,0.13844019174575806,-33.856475830078125,-1.8537464141845703,1631.3082275390625,0.14035244286060333,1080.3343505859375,0.2787267863750458,-45.10590744018555,-1.23478102684021,2836.589599609375,0.09617940336465836,928.955322265625,0.3898193836212158,-55.25984191894531,-0.9382158517837524,-18.6865234375,-0.32023847103118896,32.816253662109375,0.21795397996902466,0.04901992157101631,1.0179229974746704,-0.02609076350927353,-0.4327358603477478,1.4014848470687866,0.9337865710258484,36.26731872558594,0.2785812318325043,7.627131462097168,1.4433339834213257,-2.061218738555908,-5.908879280090332,-13.419090270996094,-1.2176822423934937,-11.403524398803711,21.5980224609375,0.03181285783648491,-0.01823239028453827,0.690109133720398,3.095238208770752,1.4457831382751465,0.6016666889190674,0.32814714312553406,0.07000000029802322,0.03651483729481697,-17.254873275756836
cafe,stressed_intense_3.wav,stressed,27.85287094116211,0.3240835964679718,17.582149505615234,31.72819709777832,36.50602340698242,18.923873901367188,156.31036376953125,112.88134002685547,96.41291809082031,137.6252899169922,1.1885484457015991,0.8317270278930664,0.20994052290916443,0.7812107801437378,2.1675891876220703,1.9576486349105835,21.994739532470703,13.23816204071045,15.76648235321045,8.389790534973145,1.1485512256622314,1.1077286005020142,33.59364700317383,0.5060120224952698,11.047554969787598,1.3311094045639038,1.2117122411727905,9.032233238220215,-9.151165008544922,-1.4467284679412842,0.06973953545093536,1.9063992500305176,1.2131433486938477,0.814352810382843,3.6858582496643066,1.9001129865646362,5.478221893310547,3.2950379848480225,33.99488067626953,0.4755092263221741,657.4380493164062,0.2873878479003906,1390.0140380859375,0.14782150089740753,-41.514610290527344,-1.7135642766952515,1642.2703857421875,0.1338011920452118,1086.035400390625,0.3184202313423157,-52.836673736572266,-1.2066400051116943,2845.92529296875,0.10194616764783859,967.7998046875,0.3885946273803711,-62.94439697265625,-0.9373632669448853,-19.51273536682129,-0.3769364058971405,34.03246307373047,0.2468232661485672,0.06241035833954811,0.7032212018966675,-0.023790758103132248,-0.41034048795700073,1.306068778038025,1.0267103910446167,38.84623336791992,0.27200743556022644,7.4989519119262695,1.7458281517028809,0.9232420921325684,11.704565048217773,-10.55769157409668,-1.2101390361785889,-7.292935371398926,13.027924537658691,0.032756105065345764,-0.01442678738385439,0.4664280116558075,3.15315318107605,1.826483964920044,0.44749999046325684,0.2526237368583679,0.09285713732242584,0.033685214817523956,-17.491849899291992
cafe,stressed_intense_4.wav,stressed,26.687883377075195,0.36070722341537476,16.228713989257812,26.458322525024414,36.19947052001953,19.97075653076172,329.3797607421875,360.40875244140625,119.6006851196289,68.2051773071289,1.2307498455047607,0.8651410937309265,0.29976916313171387,0.9375214576721191,2.080177068710327,1.7804079055786133,24.14837074279785,11.392154693603516,21.254396438598633,10.912763595581055,1.23261559009552,0.9875578284263611,34.654972076416016,0.38629138469696045,6.109148025512695,2.0778980255126953,-0.620660126209259,-17.483793258666992,-11.732156753540039,-1.0253639221191406,0.07997485250234604,1.3788390159606934,1.3366175889968872,0.8493149280548096,1.6663674116134644,4.359847068786621,2.4887537956237793,9.42999267578125,27.70279884338379,0.7671326398849487,642.2546997070312,0.3339824080467224,1399.531982421875,0.15709005296230316,-32.34917449951172,-1.9229978322982788,1629.10791015625,0.15175607800483704,1112.4605712890625,0.2740756869316101,-43.61593246459961,-1.2836734056472778,2773.270263671875,0.11062083393335342,998.97998046875,0.36724185943603516,-53.35062026977539,-0.979763925075531,-17.3741397857666,-0.4387023448944092,31.03403091430664,0.29215574264526367,0.055245522409677505,0.8695020079612732,-0.02400211989879608,-0.29829567670822144,1.3519591093063354,0.9320864081382751,36.9495735168457,0.30386146903038025,4.704795837402344,2.6221988201141357,-0.8415438532829285,-13.518082618713379,-12.673894882202148,-0.9460698962211609,-12.384496688842773,20.66252899169922,0.04743998870253563,-0.01689942367374897,0.6163643002510071,2.9978585243225098,3.0368762016296387,0.27571427822113037,0.17512096464633942,0.05714285746216774,0.031943827867507935,-17.911548614501953
cafe,stressed_intense_5.wav,stressed,30.98371124267578,0.2894129753112793,20.588422775268555,33.56793212890625,38.760108947753906,18.17168617248535,152.95350646972656,143.55833435058594,132.94580078125,81.54529571533203,1.6286101341247559,0.7003951668739319,0.3531392812728882,1.5535001754760742,2.545442581176758,2.19230318069458,21.75364875793457,12.276566505432129,23.248931884765625,11.568058013916016,1.6545164585113525,0.9640532732009888,33.026058197021484,0.25876107811927795,3.01111102104187,4.116632461547852,-0.07044447213411331,-172.77740478515625,-15.617345809936523,-0.6791018843650818,0.058622095733881,1.3866747617721558,1.344482183456421,0.6941105723381042,3.923112392425537,1.75119149684906,4.2874250411987305,4.551438331604004,28.503189086914062,0.6611502766609192,637.527587890625,0.2666724920272827,1372.0986328125,0.15083345770835876,-23.47032928466797,-2.2494468688964844,1625.6595458984375,0.12858004868030548,1012.3905639648438,0.32739946246147156,-33.230499267578125,-1.4152015447616577,2864.441650390625,0.0960974469780922,805.8650512695312,0.5409609079360962,-43.803653717041016,-1.0114169120788574,-17.8204288482666,-0.3623066842556,30.022708892822266,0.26804062724113464,0.08493595570325851,0.5667288303375244,-0.026536542922258377,-0.359690397977829,1.7611149549484253,0.9165499210357666,34.1290283203125,0.24005432426929474,3.4106767177581787,3.678718090057373,0.22362889349460602,56.64371109008789,-16.583770751953125,-0.6165475845336914,-11.42608642578125,21.752485275268555,0.0746953934431076,-0.014600275084376335,0.9606984853744507,3.142857074737549,1.457726001739502,0.621999979019165,0.6525457501411438,0.05249999836087227,0.04085033759474754,-16.273590087890625
cafe,stressed_intense_6.wav,stressed,29.775094985961914,0.31112849712371826,18.445205688476562,33.30485534667969,38.603675842285156,20.158470153808594,225.1707000732422,287.6705627441406,101.5147933959961,83.54606628417969,1.5966027975082397,0.8476453423500061,0.24817976355552673,1.1307549476623535,2.896024227142334,2.6478445529937744,25.585803985595703,16.763376235961914,22.764408111572266,9.171096801757812,1.6241964101791382,0.9806439876556396,34.719871520996094,0.39486435055732727,1.3391425609588623,10.51313591003418,-0.06646782904863358,-145.6804962158203,-14.805233001708984,-0.7953417301177979,0.06855196505784988,1.6744686365127563,1.208716869354248,0.8285347819328308,3.7344720363616943,2.012699842453003,10.290218353271484,1.5290393829345703,31.576007843017578,0.30069634318351746,661.4680786132812,0.2535797953605652,1408.015625,0.15874844789505005,-27.70880126953125,-2.232997417449951,1648.4365234375,0.13201278448104858,1073.8206787109375,0.34471750259399414,-37.055267333984375,-1.5043329000473022,2829.536865234375,0.09444469213485718,931.8682250976562,0.35543668270111084,-47.14663314819336,-1.1042553186416626,-17.566539764404297,-0.41978394985198975,30.222698211669922,0.2780284285545349,0.0868101567029953,0.45560944080352783,-0.026856862008571625,-0.359679639339447,1.8011614084243774,0.8902320861816406,37.534976959228516,0.2627297043800354,-0.04308925196528435,-320.57586669921875,-0.5355848073959351,-18.04355812072754,-16.029918670654297,-0.6553319692611694,-8.693404197692871,17.48393440246582,0.07244928181171417,-0.015593967400491238,0.43091052770614624,3.475935935974121,1.3550136089324951,0.6499999761581421,0.36660605669021606,0.08249999582767487,0.043803539127111435,-15.379823684692383
cafe,stressed_intense_7.wav,stressed,30.658767700195312,0.3008692264556885,19.663888931274414,34.1854362487793,38.57764434814453,18.913755416870117,222.4306640625,265.37738037109375,317.8547668457031,646.1721801757812,1.5378968715667725,0.6990410089492798,0.5172271132469177,1.4433529376983643,2.392253875732422,1.8750267028808594,17.72749137878418,11.33351993560791,25.064889907836914,16.452102661132812,1.6108336448669434,1.0121121406555176,32.631591796875,0.4057852029800415,0.9891700148582458,13.011262893676758,1.5036481618881226,9.946763038635254,-16.67632293701172,-0.7486753463745117,0.051365721970796585,1.7178311347961426,1.158312439918518,0.7490191459655762,3.401057720184326,1.9559434652328491,9.360727310180664,2.2599198818206787,27.66292381286621,0.5346860885620117,634.2323608398438,0.30578312277793884,1374.8275146484375,0.1821511685848236,-38.231956481933594,-1.8781155347824097,1655.5430908203125,0.1346229612827301,1033.0941162109375,0.35181111097335815,-45.15920639038086,-1.3836277723312378,2770.413330078125,0.10235254466533661,936.1333618164062,0.44688311219215393,-52.89680099487305,-1.1197694540023804,-15.491994857788086,-0.430488646030426,27.424467086791992,0.32290640473365784,0.08400209248065948,0.5310577154159546,-0.024927007034420967,-0.385804682970047,1.7936341762542725,0.9581325650215149,34.69332504272461,0.33090367913246155,0.04427366331219673,287.4138488769531,3.3234004974365234,4.550403594970703,-18.250972747802734,-0.6960930824279785,-8.40900993347168,19.35201072692871,0.07363839447498322,-0.013607699424028397,0.8307541608810425,3.5714287757873535,2.891566276550293,0.28083333373069763,0.30090025067329407,0.05666666477918625,0.024494897574186325,-17.177839279174805
cafe,stressed_intense_8.wav,stressed,29.599895477294922,0.27846214175224304,19.329092025756836,32.70965576171875,37.292999267578125,17.96390724182129,135.55003356933594,170.18460083007812,101.54023742675781,86.3389892578125,1.7207441329956055,0.6820852756500244,0.5878828763961792,1.528111457824707,2.730173110961914,2.1422901153564453,20.637908935546875,12.584892272949219,24.698293685913086,14.834218978881836,1.5999541282653809,0.8289257884025574,31.497684478759766,0.2488100826740265,0.4842914044857025,28.16301155090332,6.475082874298096,1.6829363107681274,-15.589703559875488,-0.8737567663192749,0.04227636381983757,1.5502331256866455,1.1065058708190918,0.7429789304733276,4.311309337615967,1.6712512969970703,7.666767597198486,1.5218384265899658,27.518112182617188,0.2929122745990753,591.3771362304688,0.29926079511642456,1352.8543701171875,0.14580436050891876,-28.548851013183594,-2.1900253295898438,1673.0404052734375,0.1251193732023239,1019.4500122070312,0.3121299147605896,-40.250099182128906,-1.3594492673873901,2794.115234375,0.09726005792617798,964.9724731445312,0.5457708239555359,-45.64902114868164,-1.1591752767562866,-16.574337005615234,-0.34330207109451294,26.1750545501709,0.23798979818820953,0.0793498232960701,0.544209897518158,-0.025872526690363884,-0.3327048420906067,1.7405287027359009,0.7736923098564148,32.35577392578125,0.23963558673858643,-0.14189162850379944,-101.50953674316406,7.440596580505371,1.5194650888442993,-17.165647506713867,-0.79293292760849,-13.455050468444824,24.434171676635742,0.059091437608003616,-0.015708206221461296,0.8108893632888794,3.475935935974121,2.1680216789245605,0.3974999785423279,0.7966923117637634,0.07750000059604645,0.04710360988974571,-16.32547378540039
cafe,stressed_intense_9.wav,stressed,31.835050582885742,0.26171743869781494,21.753475189208984,34.869346618652344,38.96912384033203,17.215648651123047,173.66065979003906,101.55807495117188,268.63299560546875,574.7396850585938,1.9348427057266235,0.5927708148956299,1.0128496885299683,1.6678073406219482,2.8209710121154785,1.8081213235855103,32.79615783691406,24.65155029296875,22.83015251159668,12.440957069396973,1.7767653465270996,0.7283651828765869,28.87507438659668,0.40588343143463135,3.1982572078704834,3.870743751525879,-1.066014051437378,-9.853992462158203,-16.701086044311523,-0.6468279957771301,0.043099526315927505,2.3009212017059326,1.1137714385986328,0.7227827310562134,4.703120231628418,1.4274195432662964,8.137938499450684,1.6725000143051147,28.51000213623047,0.43403375148773193,607.4794921875,0.3460797965526581,1369.20703125,0.25336354970932007,-51.53371810913086,-1.541310429573059,1627.0286865234375,0.15969549119472504,1029.989013671875,0.3249360918998718,-52.825439453125,-1.2975419759750366,2799.97998046875,0.1244041696190834,961.986083984375,0.5105186700820923,-60.550106048583984,-1.069217562675476,-15.617644309997559,-0.47376152873039246,27.21070671081543,0.3369790315628052,0.08911365270614624,0.4257875382900238,-0.024482030421495438,-0.40121349692344666,1.9625614881515503,0.669988751411438,31.792917251586914,0.32051143050193787,1.8632515668869019,6.519270896911621,0.35819879174232483,30.227012634277344,-18.48835563659668,-0.6050060391426086,-9.338471412658691,17.405797958374023,0.06999003887176514,-0.019521992653608322,1.156751036643982,3.3073930740356445,2.7613413333892822,0.2785714268684387,0.2842749357223511,0.08100000023841858,0.03806573152542114,-15.937411308288574
cafe,tired_1.wav,tired,17.82933235168457,0.33150210976600647,12.97793197631836,14.116129875183105,23.85777473449707,10.879842758178711,263.3930358886719,286.5722351074219,136.57542419433594,75.88275909423828,0.7971867322921753,0.21726323664188385,0.6466825008392334,0.7851685881614685,0.9588568806648254,0.31217437982559204,3.2138140201568604,1.4220439195632935,2.6438169479370117,1.1961983442306519,0.7796725034713745,0.42632871866226196,30.966697692871094,0.3365999758243561,12.058292388916016,0.5204424858093262,11.770807266235352,0.4981437623500824,9.894623756408691,0.5800012350082397,0.1069749966263771,1.275720477104187,1.5243704319000244,0.5653993487358093,-0.6996330618858337,-3.980428695678711,4.173239231109619,1.8728703260421753,31.051746368408203,0.22578462958335876,623.9141235351562,0.42677226662635803,1382.8251953125,0.18467563390731812,-28.164016723632812,-1.6549714803695679,1614.5443115234375,0.1731516271829605,1076.1932373046875,0.27601486444473267,-36.894866943359375,-1.1750205755233765,2744.408935546875,0.11142086237668991,1001.5673217773438,0.43388351798057556,-44.868343353271484,-0.9261832237243652,-18.697933197021484,-0.23652733862400055,31.7512149810791,0.1961231231689453,-0.006867025513201952,-3.3987975120544434,-0.011326264590024948,-0.5714749097824097,0.7929156422615051,0.4216749966144562,31.50895118713379,0.3218846917152405,12.143645286560059,0.5122060775756836,11.755863189697266,0.5044066309928894,9.97579574584961,0.5844094157218933,-13.771471977233887,25.446256637573242,-0.017522349953651428,-0.010557912290096283,0.586181640625,4.282115936279297,1.2787724733352661,0.7459999918937683,0.4993836581707001,0.03500000014901161,0.014999999664723873,-27.198495864868164
cafe,tired_14.wav,tired,28.526226043701172,0.3002091944217682,18.304645538330078,31.204875946044922,35.12791442871094,16.82326889038086,156.0312957763672,152.44992065429688,88.1907730102539,77.16302490234375,1.1612845659255981,0.6779056787490845,0.6188532114028931,0.8475354909896851,1.8609509468078613,1.2420977354049683,5.385153770446777,5.038757801055908,5.44165563583374,2.917693614959717,0.7184700965881348,0.7431568503379822,27.453594207763672,0.5143453478813171,13.936229705810547,0.7225401401519775,5.715117454528809,1.8739910125732422,-5.065228462219238,-2.3965094089508057,0.047893911600112915,1.7994141578674316,1.113463282585144,0.7930195927619934,5.016014099121094,1.3795561790466309,4.88781213760376,2.8728246688842773,28.22112274169922,0.5194646120071411,689.5947875976562,0.3340504467487335,1300.470458984375,0.177422434091568,-42.05318832397461,-1.5781104564666748,1744.489501953125,0.1661074012517929,1039.8250732421875,0.3656476140022278,-51.98550033569336,-1.1625944375991821,2901.348876953125,0.10089396685361862,806.394287109375,0.5671458840370178,-58.984554290771484,-0.9752676486968994,-18.723983764648438,-0.3910040259361267,30.713125228881836,0.2582220733165741,0.04511328041553497,1.0310959815979004,-0.020726878196001053,-0.5687612891197205,0.8080397248268127,0.6554971933364868,30.731422424316406,0.36925235390663147,13.918313980102539,0.6934654712677002,6.3206658363342285,1.753161907196045,-6.033908367156982,-2.0765700340270996,-5.800875186920166,14.830804824829102,0.0244560856372118,-0.006335701793432236,0.25772804021835327,1.5564203262329102,1.5717092752456665,0.5337499976158142,0.5578964352607727,0.1066666692495346,0.07845734059810638,-18.92607307434082
cafe,tired_15.wav,tired,28.0450382232666,0.2786977291107178,18.906822204589844,31.104637145996094,35.394493103027344,16.4876708984375,325.49285888671875,296.0511169433594,130.68267822265625,160.5195770263672,0.9618822932243347,0.7958104014396667,0.28044620156288147,0.6915265917778015,1.6583694219589233,1.3779232501983643,15.226763725280762,8.033852577209473,12.472234725952148,7.997010231018066,0.8084430694580078,1.091756820678711,28.77204132080078,0.5022692084312439,12.747122764587402,0.6045434474945068,-0.9621179103851318,-10.409797668457031,-5.555093765258789,-1.9042726755142212,0.06085331365466118,1.8076751232147217,1.48043954372406,0.7569499015808105,3.499959707260132,1.8492834568023682,5.9169392585754395,1.7054692506790161,33.46916198730469,0.32536303997039795,672.0704345703125,0.2738663852214813,1367.8638916015625,0.1514834463596344,-59.10902786254883,-1.3159685134887695,1675.63037109375,0.139486163854599,1121.4835205078125,0.33324363827705383,-66.91075134277344,-1.058776617050171,2905.66552734375,0.11962151527404785,951.093505859375,0.3876459300518036,-75.47224426269531,-0.8781937956809998,-17.989233016967773,-0.4160097539424896,31.593717575073242,0.2972393333911896,0.06244388222694397,0.5949156284332275,-0.022318154573440552,-0.5183658599853516,1.0006734132766724,0.9372040033340454,33.449119567871094,0.36019450426101685,12.798372268676758,0.5973809957504272,-1.171234369277954,-8.97656536102295,-7.055567741394043,-1.4781372547149658,-9.299360275268555,18.41343116760254,0.03718988224864006,-0.010398383252322674,0.2833121716976166,2.8520500659942627,3.2549729347229004,0.22333332896232605,0.20201759040355682,0.07466666400432587,0.06184568628668785,-19.835527420043945
cafe,tired_16.wav,tired,27.51239585876465,0.28161436319351196,17.731325149536133,30.95283317565918,33.54076385498047,15.809438705444336,173.59109497070312,135.24270629882812,95.40025329589844,74.33222198486328,0.7181941270828247,0.8722285628318787,0.1389818787574768,0.4634944200515747,1.349381685256958,1.210399866104126,9.008386611938477,7.074623107910156,7.177894115447998,4.572852611541748,0.4920657277107239,1.3049366474151611,26.666147232055664,0.6599289774894714,12.945013046264648,0.7916904091835022,3.451021432876587,2.964881658554077,-1.4921482801437378,-7.093353748321533,0.06684289872646332,1.6256699562072754,1.1960798501968384,0.955047607421875,4.059243202209473,1.775789737701416,4.480215072631836,2.643040657043457,32.84389114379883,0.41859325766563416,661.26220703125,0.3131011426448822,1320.0625,0.19322815537452698,-80.93595123291016,-1.072928547859192,1684.0875244140625,0.14239580929279327,1032.18701171875,0.2995050549507141,-87.60102081298828,-0.9116262197494507,2878.048583984375,0.1418188363313675,973.6666259765625,0.4618266522884369,-93.8864517211914,-0.802841067314148,-20.273719787597656,-0.4473378360271454,32.51533508300781,0.3334750533103943,0.05499650165438652,0.9035180807113647,-0.02097953110933304,-0.5752444863319397,0.6718094944953918,1.0525802373886108,34.91835403442383,0.3884471654891968,13.952841758728027,0.7312958240509033,5.356213569641113,1.9881576299667358,-0.6177746653556824,-18.409040451049805,-7.488097190856934,15.513821601867676,0.05996900051832199,-0.010166876949369907,0.17208363115787506,2.4032044410705566,2.4324326515197754,0.2566666603088379,0.26288992166519165,0.14874999225139618,0.2156059741973877,-21.709917068481445
cafe,tired_17.wav,tired,27.99933433532715,0.2698245048522949,18.570383071899414,31.174280166625977,34.859214782714844,16.28883171081543,308.47332763671875,279.4225158691406,128.348388671875,88.97278594970703,0.8984498381614685,0.7247034907341003,0.3988928198814392,0.656447172164917,1.41546630859375,1.016573429107666,9.068151473999023,5.1789469718933105,7.352929592132568,4.828967571258545,0.6855843663215637,1.3358596563339233,29.16021728515625,0.52302485704422,16.380390167236328,0.5390851497650146,1.3855632543563843,8.07190990447998,-5.407358169555664,-1.7151060104370117,0.08786191046237946,1.7349116802215576,1.462835431098938,0.7294371724128723,3.744311809539795,1.773722529411316,2.865842580795288,5.83605432510376,30.073474884033203,0.5990973114967346,620.1598510742188,0.3111031949520111,1347.93115234375,0.16410677134990692,-37.01849365234375,-1.7441432476043701,1663.63671875,0.14708630740642548,1048.690673828125,0.3064965009689331,-47.96660232543945,-1.1953176259994507,2854.498046875,0.11688816547393799,966.017578125,0.46187320351600647,-56.89533233642578,-0.9520497918128967,-19.2299747467041,-0.3728940486907959,32.39385223388672,0.31377384066581726,0.07333049923181534,0.4724656045436859,-0.023103805258870125,-0.4240177273750305,0.7626317739486694,1.2635921239852905,32.44282531738281,0.39526593685150146,15.675639152526855,0.5239874720573425,0.9415237307548523,11.781173706054688,-5.119872093200684,-1.8283144235610962,-9.278902053833008,16.621503829956055,0.06643114984035492,-0.017113586887717247,0.2557583451271057,2.359882116317749,2.3774144649505615,0.3531250059604645,0.25953608751296997,0.05999999865889549,0.03829708322882652,-20.784141540527344
cafe,tired_18.wav,tired,29.588544845581055,0.23902040719985962,19.965652465820312,32.44976806640625,34.77434158325195,14.80868911743164,422.1728515625,617.094970703125,95.34062957763672,103.18431091308594,1.0401629209518433,0.6826644539833069,0.3078642785549164,0.969104528427124,1.6749775409698486,1.3671132326126099,13.120841979980469,6.615349769592285,8.631365776062012,7.0787835121154785,0.6901845335960388,0.865329384803772,36.79373550415039,0.3275410830974579,14.855377197265625,0.572944164276123,4.1702070236206055,2.796511173248291,-5.513216495513916,-1.7394839525222778,0.04388571158051491,2.270630359649658,0.978513240814209,0.8335031867027283,6.407647609710693,1.0623044967651367,4.195676803588867,2.8683366775512695,35.72758102416992,0.38779982924461365,704.5088500976562,0.22435951232910156,1312.539794921875,0.16605299711227417,-41.695472717285156,-1.4889363050460815,1715.0302734375,0.1260908991098404,1017.0343017578125,0.39027801156044006,-51.46372985839844,-1.1171789169311523,2958.22802734375,0.10522950440645218,856.7085571289062,0.5367230772972107,-61.77851486206055,-0.8682945966720581,-22.62992286682129,-0.321575403213501,36.3247184753418,0.22539906203746796,0.07433940470218658,0.4540983736515045,-0.025098038837313652,-0.4397796094417572,0.7623814344406128,0.7813441157341003,39.58141326904297,0.24773891270160675,15.640521049499512,0.5237110257148743,4.618509769439697,2.585350513458252,-6.502830982208252,-1.4866392612457275,-11.877562522888184,21.676298141479492,0.05074430629611015,-0.01028570905327797,0.31120768189430237,2.3554604053497314,1.5184381008148193,0.5585713982582092,0.4950447976589203,0.09166666865348816,0.059837739914655685,-18.857330322265625
cafe,tired_19.wav,tired,29.9805965423584,0.2654070258140564,20.97740364074707,32.63153839111328,36.61776351928711,15.640359878540039,458.5584411621094,580.659912109375,153.77427673339844,176.25779724121094,1.1607475280761719,0.7155354619026184,0.4398977756500244,0.8909775614738464,1.8727306127548218,1.4328328371047974,9.913310050964355,6.771376609802246,10.427316665649414,6.505792617797852,0.843506932258606,0.8676629662513733,31.676437377929688,0.4794781506061554,10.424542427062988,0.9489516615867615,5.888181209564209,2.059593915939331,-11.52584457397461,-0.9351169466972351,0.07875575125217438,1.9089502096176147,1.2897390127182007,0.7951375842094421,4.916127681732178,1.357116460800171,6.617977142333984,3.21012282371521,30.791458129882812,0.6703600287437439,619.101806640625,0.29569897055625916,1362.3892822265625,0.16827264428138733,-31.437217712402344,-1.9290298223495483,1668.135986328125,0.16995586454868317,1036.279052734375,0.3393312692642212,-43.20432662963867,-1.2375952005386353,2851.441650390625,0.09847843647003174,891.7632446289062,0.44761794805526733,-50.85994338989258,-1.0005474090576172,-19.169878005981445,-0.4154604971408844,31.074390411376953,0.31445634365081787,0.0884239450097084,0.4297260344028473,-0.02476438507437706,-0.4337819516658783,0.9146720767021179,0.7844029664993286,34.37333297729492,0.37511780858039856,10.948517799377441,0.8876773118972778,5.875112533569336,2.126255989074707,-12.666010856628418,-0.8201382756233215,-5.2508368492126465,12.693647384643555,0.04237034544348717,-0.007175622042268515,0.36900588870048523,3.0534353256225586,1.5384615659713745,0.5690000057220459,0.5621289610862732,0.08285713940858841,0.04589251056313515,-18.47866439819336
cafe,tired_2.wav,tired,20.204360961914062,0.38646841049194336,13.357320785522461,16.11672019958496,30.900074005126953,17.542753219604492,182.24765014648438,220.86691284179688,139.3250732421875,154.17820739746094,0.5357189774513245,0.46190279722213745,0.30724456906318665,0.5030487179756165,0.7198416590690613,0.41259709000587463,4.7915754318237305,3.0084609985351562,2.80141282081604,2.0188605785369873,0.5224382281303406,0.3941960036754608,39.61848068237305,0.25347957015037537,10.849836349487305,0.6703758835792542,18.654930114746094,0.4697858393192291,8.289772033691406,1.3295649290084839,0.12611627578735352,1.1835758686065674,1.5350934267044067,0.676969587802887,-1.2772034406661987,-4.324332237243652,4.068560600280762,5.389033317565918,29.099411010742188,0.47188234329223633,610.8317260742188,0.3473096489906311,1472.97705078125,0.16682444512844086,-35.040184020996094,-1.3843196630477905,1643.302490234375,0.1376679241657257,1138.03271484375,0.29081490635871887,-46.136749267578125,-0.9652257561683655,2703.3330078125,0.11953864991664886,1067.266357421875,0.32451578974723816,-51.90047836303711,-0.8352071642875671,-23.068647384643555,-0.2626454532146454,33.71973419189453,0.2389765977859497,-0.0007789597730152309,-36.4005241394043,-0.01887296326458454,-0.35619089007377625,0.532892107963562,0.3876933157444,40.388511657714844,0.2140914797782898,10.974262237548828,0.6575739979743958,18.93658447265625,0.4664950966835022,8.322833061218262,1.2967232465744019,-16.427780151367188,25.744197845458984,-0.005400894675403833,-0.011999382637441158,0.45463827252388,3.054989814758301,2.2727274894714355,0.3972727060317993,0.45567312836647034,0.028749998658895493,0.010532686486840248,-29.504661560058594
cafe,tired_20.wav,tired,29.861984252929688,0.2703406810760498,19.675161361694336,32.63251495361328,36.00499725341797,16.329835891723633,300.4156494140625,240.97421264648438,163.712646484375,117.42403411865234,1.0522912740707397,0.6888533234596252,0.3555462956428528,0.9454919099807739,1.509414553642273,1.1538681983947754,13.371615409851074,6.390160083770752,9.21338939666748,8.80532455444336,0.7730388045310974,0.9250483512878418,29.050710678100586,0.5337400436401367,14.405174255371094,0.6169053316116333,6.834836959838867,1.5311598777770996,-9.66788101196289,-1.1779873371124268,0.07378780096769333,1.808817744255066,1.2274428606033325,0.8532785773277283,5.3783955574035645,1.2882556915283203,4.913980484008789,3.6291401386260986,30.539459228515625,0.6418837308883667,640.3864135742188,0.3138486444950104,1290.5196533203125,0.17483878135681152,-47.478031158447266,-1.4812041521072388,1725.1331787109375,0.16754432022571564,979.1339721679688,0.33434242010116577,-56.449283599853516,-1.0904319286346436,2907.564697265625,0.10151073336601257,861.5953369140625,0.5775634050369263,-62.5200080871582,-0.9442567825317383,-20.874906539916992,-0.4363141655921936,31.937498092651367,0.35169923305511475,0.07597937434911728,0.5216258764266968,-0.02492213435471058,-0.4499290883541107,0.8486018776893616,0.8626412153244019,32.80802917480469,0.3956683576107025,15.339802742004395,0.546941339969635,6.669926166534424,1.6453765630722046,-11.081738471984863,-0.939183235168457,-7.559337139129639,15.030823707580566,0.026420002803206444,-0.010216747410595417,0.4558201730251312,2.3026316165924072,2.487562417984009,0.3233333230018616,0.2883901596069336,0.07083333283662796,0.04609018564224243,-19.073654174804688
cafe,tired_21.wav,tired,29.720674514770508,0.24008657038211823,20.842853546142578,32.091827392578125,35.214839935302734,14.371986389160156,136.84263610839844,91.8487548828125,75.54507446289062,65.55474853515625,1.1791549921035767,0.5554451942443848,0.631362795829773,1.1292601823806763,1.7298117876052856,1.0984489917755127,9.380041122436523,8.784249305725098,8.659384727478027,6.983687877655029,0.8322761058807373,0.7354340553283691,28.688013076782227,0.47642719745635986,16.32216453552246,0.5842852592468262,9.855554580688477,1.250983476638794,-10.557363510131836,-1.0848079919815063,0.051232174038887024,1.774335503578186,1.185120701789856,0.8205583691596985,5.891498565673828,1.1036940813064575,6.468021869659424,1.7431081533432007,31.402774810791016,0.370574027299881,652.0670776367188,0.2711281180381775,1265.85888671875,0.16657303273677826,-32.46791076660156,-1.8362195491790771,1781.288818359375,0.15049801766872406,859.337158203125,0.46452856063842773,-46.506690979003906,-1.1336702108383179,2968.125732421875,0.11658542603254318,857.4138793945312,0.5879635810852051,-52.18928909301758,-0.9731858372688293,-21.116411209106445,-0.3263051211833954,30.74167823791504,0.28012245893478394,0.062336426228284836,0.713068425655365,-0.02896604873239994,-0.31299707293510437,0.8991029858589172,0.6901453733444214,31.59087562561035,0.3678371012210846,16.775991439819336,0.5055431723594666,10.200716972351074,1.2679944038391113,-10.909737586975098,-1.0696791410446167,-6.5536627769470215,12.467935562133789,0.05717034637928009,-0.013411915861070156,0.4149901270866394,2.3554604053497314,1.7316017150878906,0.5,0.3529163897037506,0.057499997317790985,0.04968651756644249,-19.049938201904297
cafe,tired_22.wav,tired,27.48349380493164,0.2732386291027069,18.695493698120117,30.662132263183594,33.780357360839844,15.084863662719727,362.1497497558594,481.2060546875,95.07758331298828,92.77761840820312,1.0793362855911255,0.6831923127174377,0.3325018584728241,0.9827990531921387,1.5644031763076782,1.2319012880325317,13.570442199707031,11.667344093322754,9.850218772888184,7.288881301879883,0.8824031352996826,0.8671083450317383,31.135700225830078,0.44329050183296204,17.145389556884766,0.5238250494003296,4.944156169891357,2.1425282955169678,-6.90009069442749,-1.6188124418258667,0.06960108131170273,1.5044925212860107,1.3305641412734985,0.702512800693512,3.7985599040985107,1.619861125946045,4.847007751464844,3.195004463195801,32.109375,0.4108941853046417,597.2723388671875,0.3151409924030304,1342.6494140625,0.1521579623222351,-32.0750846862793,-1.7770235538482666,1631.8236083984375,0.15783998370170593,1062.310791015625,0.3348468840122223,-44.395999908447266,-1.1442919969558716,2871.345458984375,0.11402441561222076,887.2930297851562,0.4689660668373108,-53.30049514770508,-0.8982121348381042,-20.812423706054688,-0.34950554370880127,33.348140716552734,0.27203282713890076,0.05240470543503761,0.9771616458892822,-0.02494625747203827,-0.41831547021865845,0.9276445508003235,0.8452481031417847,33.42561721801758,0.3578726351261139,17.06264877319336,0.514071524143219,5.153913974761963,2.074570417404175,-6.859853744506836,-1.6123875379562378,-9.948640823364258,17.902870178222656,0.03415956348180771,-0.016529826447367668,0.5842128396034241,2.193995475769043,1.7441861629486084,0.5026666522026062,0.40306273102760315,0.06083333492279053,0.03451046347618103,-19.875036239624023
cafe,tired_3.wav,tired,24.555248260498047,0.3258294463157654,16.795717239379883,23.14959716796875,33.18657302856445,16.39085578918457,120.80109405517578,85.37687683105469,76.46759796142578,39.27449035644531,0.7370070219039917,0.23699986934661865,0.5723322629928589,0.743493914604187,0.8682724833488464,0.29594022035598755,3.120180606842041,1.7090107202529907,2.7321712970733643,1.279096245765686,0.7112767100334167,0.3203519880771637,38.335044860839844,0.20798107981681824,11.84043025970459,0.500027060508728,12.856379508972168,0.6585443019866943,1.489770770072937,4.27255916595459,0.11894720047712326,1.2860785722732544,1.5068135261535645,0.4867091774940491,1.221339464187622,4.46584939956665,5.419551849365234,2.9524519443511963,33.04947280883789,0.23272432386875153,705.0466918945312,0.2849755883216858,1441.1661376953125,0.1352401077747345,-20.574121475219727,-1.5145117044448853,1689.763427734375,0.12498434633016586,1146.6746826171875,0.2893524765968323,-32.6489143371582,-0.8650379180908203,2905.714599609375,0.10989110171794891,898.6712036132812,0.40948230028152466,-41.77184295654297,-0.6325323581695557,-22.23955726623535,-0.23427771031856537,34.797019958496094,0.20979852974414825,0.011205519549548626,2.107729434967041,-0.018519623205065727,-0.3719809949398041,0.7240609526634216,0.30860501527786255,38.75525665283203,0.1868598610162735,11.8385648727417,0.505727231502533,12.632248878479004,0.6712273359298706,1.510581135749817,4.102145195007324,-10.631134033203125,20.209827423095703,-0.017875028774142265,-0.02047857455909252,0.5358911752700806,3.7142856121063232,0.8720930814743042,1.1133333444595337,0.836115300655365,0.02499999850988388,0.004999999888241291,-26.45028305053711
cafe,tired_4.wav,tired,20.54007339477539,0.35664108395576477,14.160320281982422,17.685096740722656,30.975271224975586,16.814950942993164,177.4085235595703,108.2278823852539,182.84544372558594,224.54067993164062,0.6114822626113892,0.3828730583190918,0.40764299035072327,0.5551075339317322,0.7536829710006714,0.3460399806499481,5.4993815422058105,3.864935874938965,2.656188488006592,1.8183172941207886,0.6127139925956726,0.3547244966030121,33.055992126464844,0.4544294774532318,13.886761665344238,0.6932946443557739,19.54647445678711,0.37213391065597534,8.65339183807373,0.9230674505233765,0.12469983100891113,1.192400336265564,1.7627993822097778,0.6062726974487305,-1.140812635421753,-4.632568836212158,1.7396949529647827,7.819053649902344,29.30644416809082,0.3909156024456024,643.3353881835938,0.34113699197769165,1437.23193359375,0.1588599532842636,-44.56040954589844,-1.3750090599060059,1681.58935546875,0.1193462535738945,1097.283203125,0.32756906747817993,-54.63752365112305,-1.0437569618225098,2754.215576171875,0.1180279478430748,941.99951171875,0.3193032145500183,-59.633934020996094,-0.9227657914161682,-22.077993392944336,-0.3044445514678955,32.835975646972656,0.25166556239128113,0.0014199016150087118,14.058533668518066,-0.017559735104441643,-0.36829718947410583,0.6180621981620789,0.3556554317474365,36.82286071777344,0.271648645401001,12.419677734375,0.6650781035423279,19.110445022583008,0.3717067241668701,9.666651725769043,0.7037903666496277,-7.536372661590576,12.724141120910645,0.0018185197841376066,-0.013661649078130722,0.6137022376060486,3.211991310119629,2.597402572631836,0.3233333230018616,0.22698508203029633,0.06428571045398712,0.05038626119494438,-29.037378311157227
