start_sec,end_sec,label,pitch,pitch_std,pitch_velocity,energy,speech_rate,spectral_centroid,spectral_rolloff,spectral_bandwidth,zcr,low_band_ratio,low_mid_ratio,high_band_ratio,thickness_score,main_freq_velocity_mean,main_freq_jump_ratio,main_freq_smoothness,main_freq_std,main_freq_range,pitch_dist,pitch_std_dist,pitch_velocity_dist,energy_dist,speech_rate_dist,spectral_centroid_dist,spectral_rolloff_dist,spectral_bandwidth_dist,zcr_dist,low_band_ratio_dist,low_mid_ratio_dist,high_band_ratio_dist,thickness_score_dist,main_freq_velocity_mean_dist,main_freq_jump_ratio_dist,main_freq_smoothness_dist,main_freq_std_dist,main_freq_range_dist,neutral_profile_distance,baseline_like_score_v2
0.0,2.5,neutral,52.50612066103413,6.735832767586511,2.8915446803785843,0.02890877053141594,1.6,1126.1016711831955,1738.065159574468,2560.367881140639,0.012701545877659575,0.40805545449256897,0.21828538179397583,0.12395229935646057,0.44811485920970284,17.427884615384617,0.038461538461538464,0.030879332052216553,28.85159504106377,164.0625,2.60932490788573,2.529349106071709,1.2937652835244988,2.1944662549319176,2.5954066252375974,1.4136116871038076,0.9500543553669024,0.7450012328285321,1.4245233410189941,1.8776029175887012,0.2878833289035766,0.46899296197181095,0.1468610532859607,1.641825418636193,2.232369481475445,2.821978715827075,2.796552919013285,1.572026800037778,21.775809068485867,-21.775809068485867
1.0,3.5,neutral,66.5562014282155,29.065011342002254,6.06695647221086,0.05874311551451683,6.0,1287.8283984504874,1832.712765957447,2714.827313515288,0.01770279255319149,0.49966686964035034,0.20216712355613708,0.1363774687051773,0.5303880806421521,18.629807692307693,0.05982905982905983,0.02761931574034287,87.22230983793865,328.125,1.308417415191325,0.07711136883157256,0.20146839926923296,0.8830138075242518,0.16686590567798673,0.9169832439651775,0.8270307222734445,0.30017037768902516,0.8929911428590042,0.23136605832357163,0.7256617554877233,0.06902451557023387,0.4520635910603216,1.5327438611757827,1.6987847805113305,2.2218736685375275,1.4369712895676947,1.0334040717379815,11.31009957773261,-11.31009957773261
2.0,4.5,neutral,77.42864714634378,28.228945821848615,5.867543027611001,0.07440318167209625,5.2,1423.5270816240522,1947.8058510638298,2931.9763875804174,0.01901595744680851,0.523626983165741,0.22633464634418488,0.1305512934923172,0.565043313510355,23.13701923076923,0.10256410256410256,0.022045735439347614,93.13280028156866,398.4375,0.3017295296907383,0.1689298570259912,0.27006381255556783,0.19463160571769172,0.608418763779734,0.5002813982086084,0.6774319102714951,0.3252016492833937,0.7534280563458704,0.19919188005175611,0.06926204129585546,0.18325245577460492,0.5806213992314909,1.1236880206992448,0.6316153785831019,1.1958868788645416,1.299303038354103,0.8025657596094974,7.506753472031353,-7.506753472031353
3.0,5.5,neutral,80.66529832180407,23.88322571678512,6.779758669356773,0.07382788509130478,4.0,1564.2949009105844,2302.8590425531916,3130.004699421095,0.020048620345744683,0.5361948609352112,0.22016368806362152,0.12666970491409302,0.508956980402686,21.434294871794872,0.08547008547008547,0.023900806523996974,86.46717171131459,398.4375,0.0020455751878098254,0.6461860535136722,0.04372550630089329,0.21992038310803153,1.2707480509323552,0.06801331168046915,0.21593124239719638,0.8955074049348654,0.6436767050847506,0.42503386266348037,0.23686776932913922,0.35132762940818374,0.3725623138950395,1.2782202271014924,1.0584831393543934,1.5373690723506064,1.4545601083482214,0.8025657596094974,8.913969202089039,-8.913969202089039
4.0,6.5,neutral,75.67825627388383,20.903389760542368,4.136084989945041,0.07087717205286026,4.8,1336.2269625999995,1907.912234042553,2843.6088810940987,0.016788563829787235,0.5617642998695374,0.23623627424240112,0.09583572298288345,0.7214991649228172,22.736378205128204,0.07692307692307693,0.023843482376417466,88.90964059941788,421.875,0.46379953048717176,0.9734379565933503,0.8656609645929628,0.3496272641559548,0.8291951928306079,0.7683615289904352,0.7292859178978208,0.07071027331154568,0.9901553170137178,0.8845110225404943,0.19967018561975144,1.6864580180269662,1.1610134401574401,1.160048539852715,1.2719170197400391,1.5268168213791191,1.397669665215676,0.7256196555666694,11.775175770187573,-11.775175770187573
5.0,7.5,neutral,78.69722341767356,33.81423799733244,9.847830036071553,0.06685736030340195,6.8,1683.8764085273806,2583.1117021276596,2820.107878561631,0.033537649601063826,0.5260043144226074,0.19707930088043213,0.13969972729682922,0.3214515701281514,28.14503205128205,0.09401709401709402,0.018377840110819166,107.3788781933487,468.75,0.18427110338175484,0.4444587725909796,1.099098797776143,0.5263293824672938,0.27468695242376057,0.299196109788548,0.14834316117774143,0.0030292589996666433,0.7899365190343405,0.24191199670341376,0.8638490814905058,0.21288035665038427,0.32301184821792955,0.6691815312808692,0.8450492589687476,0.5206993064702835,0.9674807214969569,0.5717274474810132,6.827277712461992,-6.827277712461992
6.0,8.5,neutral,77.80277032929685,34.47794775449339,9.806836390219111,0.06219547986984253,6.4,2039.3753842140932,3291.5226063829787,2976.3065049943402,0.04555144614361702,0.48164740204811096,0.19541087746620178,0.16630685329437256,-0.015591629597484502,30.64903846153846,0.1111111111111111,0.01685139313287649,102.95094549563947,468.75,0.26708918420381567,0.5173487854349544,1.0849975615981893,0.7312554335529293,0.053910523372887174,1.3908579879200302,1.0691407016022196,0.4528688544161928,2.0667620984946904,0.555171903772258,0.9091641376448517,1.3649852827148394,1.5733146576237056,0.4419282865716815,0.41818149819745615,0.23971036400797058,1.070616959817431,0.5717274474810132,9.513589486368875,-9.513589486368875
7.0,9.5,neutral,62.44905273853879,15.563975260688151,4.490411006202427,0.04188205301761627,4.4,1856.7835070906654,3018.351063829787,2870.4728618085824,0.038528507313829785,0.4109390377998352,0.18689100444316864,0.18312780559062958,-0.07827364562516231,24.739583333333332,0.08547008547008547,0.02058497098336306,81.50755093579879,398.4375,1.6887013859775175,1.5598237785201776,0.7437778108665607,1.6241891773867057,1.0499716218814814,0.8301570994657845,0.7140703843809545,0.14807639676517742,1.3203645788516631,1.8257855636102076,1.140567342115429,2.09334286644644,1.8058412322658297,0.9782459440853647,1.0584831393543934,0.9269888001203676,1.5700805250310232,0.8025657596094974,14.956899929133,-14.956899929133
8.0,10.5,neutral,64.49250521369372,25.77569075387805,5.943938771388102,0.05071626231074333,9.2,1105.4525828927697,1679.5212765957447,2402.026248661515,0.01293218085106383,0.4894029498100281,0.23797322809696198,0.11751089990139008,0.6511712930266792,23.13701923076923,0.09401709401709402,0.021614350815756214,122.04993952049617,398.4375,1.4994965920731709,0.4383515304074739,0.2437847538480543,1.235856689948302,1.5993455267290024,1.4770206532232892,1.0261501115585352,1.2010125148655522,1.4000114698117823,0.41580642656765954,0.24684655630934765,0.7479095215288567,0.9001236317208668,1.1236880206992448,0.8450492589687476,1.1164774326610307,0.6257596112746222,0.8025657596094974,11.229746493150646,-11.229746493150646
9.0,11.5,neutral,75.7079441856573,25.343367484206325,3.814356494296193,0.07213620096445084,4.8,1202.6527723802608,1889.7606382978724,2518.210827187428,0.014530003324468086,0.5603211522102356,0.19927938282489777,0.12459452450275421,0.6857823884219677,27.84455128205128,0.10683760683760683,0.01886611033233301,149.6258623063543,539.0625,0.46105070451894226,0.48583018856961296,0.9763310308430452,0.2942831113549552,0.8291951928306079,1.1785395079381873,0.7528794913677987,0.8664101883831749,1.230194992709567,0.8585779784294266,0.8040939641699942,0.44118421800015145,1.0285177065592475,0.6964519206459718,0.524898438390279,0.6105802752569811,0.01654395079637115,0.34088913535252907,7.990533930424544,-7.990533930424544
10.0,12.5,neutral,80.30892352251342,19.825272065401897,2.902445894779874,0.07749725133180618,4.8,1770.8864790131681,3044.182180851064,2930.651847486871,0.030182014627659574,0.5396334528923035,0.19422709941864014,0.14454762637615204,0.2821816571635085,31.25,0.14102564102564102,0.016298835297820995,143.09329373277666,539.0625,0.035042584549320833,1.0918391278858324,1.2900154194735574,0.058623081650050396,0.8291951928306079,0.5663855630897427,0.7476458543190008,0.3213870793771042,0.43329983435283537,0.4868245992720833,0.9413160292102694,0.4227973695162927,0.4686883743866275,0.3873875078414763,0.3288370831523043,0.13799530677698194,0.1356138608157842,0.34088913535252907,6.143368806319117,-6.143368806319117
11.0,13.5,neutral,70.83863843732134,15.781479497000495,3.852183956250582,0.058840177953243256,6.0,1736.0423662467874,2985.2393617021276,2832.577703441954,0.030950797872340424,0.4974454343318939,0.2288496494293213,0.1363218128681183,0.25807125228702965,32.25160256410256,0.1452991452991453,0.015583460130085106,132.81676473726878,539.0625,0.9119033677311392,1.5359370020981444,0.9633189172839964,0.8787471553523597,0.16686590567798673,0.45938669055883086,0.6710315580511041,0.038941360835568116,0.5150060717102081,0.27128475927753815,0.0009535381549524487,0.0666145835826205,0.5581288585070949,0.29648620995780134,0.4355540233451275,0.0063087727862442,0.37497670030435404,0.34088913535252907,5.757973972087247,-5.757973972087247
12.0,14.5,neutral,78.56183301633146,22.370575428044564,5.219336258193543,0.0710034966468811,6.0,1538.0513133713243,2410.6715425531916,2761.4923834468027,0.025594248670212767,0.5219233632087708,0.23989275097846985,0.12338951230049133,0.4714130664467363,36.95913461538461,0.1282051282051282,0.013789379071066345,144.87240825511344,609.375,0.19680700196222722,0.8123085156066978,0.4930378017588109,0.3440743117418745,0.16686590567798673,0.1486017972216031,0.07579578678705122,0.16577869539648116,0.05428765776899963,0.1685782063865266,0.2989815757673472,0.49336198775713397,0.23328859131756477,0.1307498900954717,0.008686262573835327,0.3239463534971399,0.09417439190288233,0.11005082322404493,3.071467318113181,-3.071467318113181
13.0,15.5,neutral,81.9120314677982,27.133456916616343,7.567498618203299,0.07221384346485138,5.2,2056.325410417757,3361.934840425532,3115.8808902647615,0.04192777593085106,0.49331340193748474,0.21546930074691772,0.14724236726760864,0.056801780712663785,45.47275641025641,0.16666666666666666,0.01129772287849493,144.26025060413727,609.375,0.11339037979991368,0.28923877144420795,0.3146969418613717,0.2908701171286426,0.608418763779734,1.4429079197211736,1.1606630250626848,0.8548319602032022,1.681638644572371,0.34553646710653435,0.3643692315193073,0.5394813080897835,1.3047624828077635,0.9034109221067103,0.9691387243092415,0.782611376683165,0.10843288264585212,0.11005082322404493,7.711666494736556,-7.711666494736556
14.0,16.5,neutral,74.48661579199573,40.50119595829401,8.721355162061846,0.047919370234012604,4.4,1812.6308919696276,3000.6981382978724,2688.2161649856826,0.03810048204787234,0.4616296589374542,0.17977237701416016,0.1681395173072815,0.042730797064097825,31.450320512820515,0.11538461538461539,0.016681731535095178,125.0887565436534,421.875,0.574134414476397,1.178834674712018,0.7116073239970351,1.3588019384946095,1.0499716218814814,0.6945737924974822,0.6911249860063057,0.3768083646004137,1.2748740791337752,0.9148863181266772,1.3339121483175134,1.444340762043512,1.3569605108386686,0.3692072482647411,0.31146455800463296,0.20847899231546,0.5549789156071381,0.7256196555666694,9.878097870726958,-9.878097870726958
15.0,17.5,neutral,74.8486551091228,35.476643852878816,5.6909297335629825,0.057734888046979904,6.0,1705.0005035577362,2785.472074468085,2623.6535346477003,0.03476354720744681,0.4584760069847107,0.22731100022792816,0.15490274131298065,0.17182062687266247,24.639423076923077,0.09401709401709402,0.021708748718904314,139.51591273017698,468.75,0.5406129231693363,0.6270277085683508,0.3308162955257826,0.9273332782749553,0.16686590567798673,0.3640637207573857,0.4113726148622782,0.5627435944647837,0.9202248434690704,0.9715567459060649,0.042743874090230075,0.8711802173964204,0.8780860608965015,0.9873360738737321,0.8450492589687476,1.1338542347114986,0.21893888963524577,0.5717274474810132,7.920993976236972,-7.920993976236972
16.0,18.5,neutral,86.5640752558767,34.91405243484795,7.723597028086104,0.08599783480167389,7.2,1472.5829014611688,2121.5425531914893,2761.9026779850547,0.022926363031914893,0.497506707906723,0.26804935932159424,0.12925952672958374,0.5130719056690309,37.760416666666664,0.14102564102564102,0.013924580170919739,181.53639629492378,843.75,0.5441265955225989,0.5652427261362856,0.3683925939310531,0.31504394547140274,0.4954633814746345,0.3496413905595852,0.45160770705884673,0.16459707982594746,0.3378303841659367,0.27018368669591836,1.0637264704397793,0.23918675137680429,0.3878271304680901,0.20347092840241177,0.3288370831523043,0.2990584834194322,0.7598100894351426,0.6594102172042356,5.431746194498159,-5.431746194498159
17.0,19.5,neutral,90.62263133124908,36.50380888360458,8.985192369811449,0.08542424440383911,8.0,1628.0237371214546,2341.9547872340427,3083.4132812572248,0.023447888962765957,0.510277509689331,0.2595973312854767,0.119431272149086,0.4770520041297722,43.87019230769231,0.1623931623931624,0.011560478544272787,178.449147831575,843.75,0.9199113397857827,0.7398331502161317,0.8023636034555837,0.2898301681461072,0.9370162395763818,0.12768441401537597,0.16511431492339715,0.7613278338632419,0.28240263936404314,0.04069520446928708,0.834165963311884,0.6647562216703067,0.25420691761194825,0.7579688454928302,0.862421784116419,0.7342432134126594,0.6879013195852342,0.6594102172042356,7.580241813036342,-7.580241813036342
18.0,20.5,neutral,71.25158324201891,27.109736307185198,5.03412696722073,0.058123499155044556,4.4,1417.177166763036,2163.9295212765956,2744.4218004639315,0.01925282579787234,0.5121334195137024,0.23859499394893646,0.12477410584688187,0.5356159734177033,40.56490384615385,0.1282051282051282,0.012811965165751362,172.65959059882138,843.75,0.8736684992345027,0.2918438190684871,0.5567471864707692,0.910250785294135,1.0499716218814814,0.519780638592527,0.3965128239558759,0.21494061389675145,0.7282537021330584,0.00734491558417578,0.2637339688550869,0.4334082353097305,0.47145709619516674,0.4579945624767024,0.008686262573835327,0.503869078341848,0.5530498673858326,0.6594102172042356,6.165813480527276,-6.165813480527276
19.0,21.5,neutral,75.61598593018874,30.795087679040897,5.043894882873601,0.06602264195680618,4.0,1485.4102137277469,2483.4773936170213,2695.5305682311964,0.021712932180851064,0.5505498051643372,0.19699138402938843,0.13900911808013916,0.4823987752318688,32.65224358974359,0.10683760683760683,0.01621906174816078,149.3844841846891,445.3125,0.46956518821028037,0.11288928290997297,0.5533871612101894,0.5630217723675636,1.2707480509323552,0.310251437963345,0.01883777713099314,0.35574346619624786,0.46679374258946543,0.6829890341294104,0.8662369387981763,0.18297655266164828,0.2740414163813726,0.26012569080433096,0.524898438390279,0.12331056129980862,0.010921726345152542,0.6486735515238413,5.2137139893543765,-5.2137139893543765
20.0,22.5,neutral,77.97580382996293,28.338208415709254,6.512417312519745,0.07430712133646011,7.2,1657.0046809582882,2800.8311170212764,2855.8051139629424,0.025004155585106384,0.5430280566215515,0.21517258882522583,0.1442577987909317,0.39347981729759307,38.16105769230769,0.13247863247863248,0.013866313561686126,158.75435449777925,468.75,0.2510678828864992,0.1569304072907109,0.04823615103651972,0.19885420763304043,0.4954633814746345,0.21667873957658823,0.43133640779841365,0.1058344519591084,0.11700271563249662,0.5478248771596402,0.3724280475719066,0.41024765675616426,0.05581429055815189,0.23983144755588215,0.11540320276665854,0.3097842230920175,0.22916650186822057,0.5717274474810132,3.3786913443158872,-3.3786913443158872
21.0,23.5,neutral,75.28038217124623,17.213278626553556,5.600192667347311,0.07345782220363617,7.2,1543.0096599102044,2404.5877659574467,2856.598242442804,0.02141373005319149,0.5477563738822937,0.23370207846164703,0.12137604504823685,0.5383351438776478,37.56009615384615,0.13247863247863248,0.013327232168392154,135.13848678563727,468.75,0.5006389914018264,1.378693785741742,0.36202856694480784,0.23618753695379707,0.4954633814746345,0.13337576771025325,0.08370352295006617,0.1081185987703988,0.4985929268582809,0.6327916920961502,0.13084040108693662,0.5805463585909489,0.4815441902771401,0.1852906688256769,0.11540320276665854,0.40901853177854697,0.32089871519443763,0.5717274474810132,4.964129883544013,-4.964129883544013
22.0,24.5,neutral,72.39625304654257,21.74408480131141,4.885695715603754,0.06871054321527481,7.6,1323.2646462595615,1897.340425531915,2688.7168023902595,0.015965757978723405,0.5242387652397156,0.23584066331386566,0.12854664027690887,0.6212904138421425,32.05128205128205,0.10256410256410256,0.015756351356491675,137.02237937002548,445.3125,0.7676826654132355,0.8811110446286354,0.6078054442011087,0.4448675214260554,0.7162398105255079,0.808166050434703,0.743027229918797,0.3753665687750048,1.07760307375296,0.21018546855150824,0.18892523245681153,0.27005517339003343,0.7892768701711509,0.3146664695345362,0.6316153785831019,0.038134655749090494,0.27701873602172905,0.6486735515238413,6.258476265887734,-6.258476265887734
23.0,25.5,neutral,83.89398653848258,30.568984792936373,7.502385605855131,0.08348403126001358,8.0,1449.343457321995,2242.4202127659573,2691.5856827934044,0.021725398936170214,0.5278849005699158,0.21296365559101105,0.14437367022037506,0.4881543048876749,33.35336538461539,0.12393162393162394,0.01616631179993322,178.10093041613138,679.6875,0.29690108300238544,0.08805818453541352,0.29229898368305957,0.20454264876521253,0.9370162395763818,0.42100478953055576,0.29449006395108,0.3671044218578226,0.46546877657826463,0.2757057136515509,0.43242356950949556,0.4152649609424243,0.2953922548024727,0.19649478228575834,0.09803067761898719,0.11360033069135277,0.6797905742784879,0.12078748890443924,3.9902883830829143,-3.9902883830829143
24.0,26.5,neutral,87.54183815288289,24.239404153589593,4.866374928253714,0.08945177495479584,8.0,1454.4473099133597,2231.648936170213,2675.753725665348,0.02278299534574468,0.5411438345909119,0.21435630321502686,0.14175620675086975,0.5139984705563142,49.57932692307692,0.18803418803418803,0.011009943798489677,178.83345627398555,890.625,0.6346583938710515,0.6070697823524979,0.6144515226335472,0.46687158806175083,0.9370162395763818,0.4053319418245032,0.30849064601018766,0.41269919661216226,0.353067493294744,0.5139658241925548,0.3945986955912613,0.301927182285336,0.39126433579550823,1.276106243429778,1.5027234252733561,0.8355858595980181,0.6968527038566188,0.8133024252898917,8.643105110615544,-8.643105110615544
25.0,27.5,neutral,76.96259725021287,28.924522137807767,5.958728190444501,0.05840176343917847,7.6,1385.5027348684712,2163.8297872340427,2693.550865339568,0.0181391289893617,0.5215216875076294,0.235601007938385,0.11962761729955673,0.567862051917006,42.868589743589745,0.1623931623931624,0.012632877334354446,158.18668060314388,468.75,0.344881438344697,0.09254019112579223,0.2386974022180068,0.8980188969567081,0.7162398105255079,0.6170460941229541,0.3966424589749413,0.3614448527458832,0.8466173324669821,0.16136018291616128,0.18241609532473266,0.6562543558510865,0.5910778527415591,0.6670675476091552,0.862421784116419,0.5368356347170399,0.21594413511551136,0.5717274474810132,6.205498285937731,-6.205498285937731
26.0,28.5,neutral,62.41817763108852,26.586183537117197,4.428758337608722,0.037377841770648956,4.4,1240.2533121536742,1838.1981382978724,2678.471281350381,0.01300282579787234,0.4533005952835083,0.2513495087623596,0.12273386120796204,0.5426471811665554,28.74599358974359,0.08547008547008547,0.01848032994923858,116.0607757157612,468.75,1.6915601352819074,0.3493414944047575,0.7649854595829083,1.8221844364353745,1.0499716218814814,1.063076233287362,0.8199007962248247,0.4048728528228733,1.3925033290816453,1.0645577490086544,0.6101517606830256,0.5217520834612807,0.4975402179109045,0.614640752550664,1.0584831393543934,0.539565675054811,0.7652603371607832,0.5717274474810132,10.351400585551776,-10.351400585551776
27.0,29.5,unknown,53.51804450494609,13.9403845913562,4.059278790184154,0.027177684009075165,7.2,1155.4738337259837,1607.6130319148936,2659.7332107636344,0.011486037234042554,0.40100669860839844,0.23721566796302795,0.11998317390680313,0.47721244296085596,14.923878205128204,0.029914529914529916,0.034287396070929295,23.656948530706952,93.75,2.515630121898725,1.7381299484447899,0.8920812143716208,2.270561026165681,0.4954633814746345,1.323416011956489,1.1196169603049875,0.4588370027269683,1.5537075271110563,2.0042675011426705,0.22627091602720137,0.6408585359966172,0.25480208500118817,1.8690786633453809,2.445803361861091,3.4493364415127927,2.9175475991627717,1.8028651121662622,20.90387776264579,-20.90387776264579
28.0,30.5,happy,60.68082311342144,24.555176380582804,5.005101629499364,0.05125824362039566,2.0,1255.2819958695,1797.905585106383,2703.4125987556563,0.014644281914893618,0.3323798179626465,0.37352558970451355,0.15822921693325043,0.40574511975079275,33.15304487179487,0.07692307692307693,0.01693752470434297,191.5736495844726,914.0625,1.852423090232236,0.5723910068290515,0.5667314934003627,1.2120323788935305,2.3746301961867236,1.016926336344985,0.872273343927414,0.3330438464674456,1.2180494709402279,3.2374773612150225,3.9285036379045493,1.0152186584103042,0.010314656897153593,0.21467504186249384,1.2719170197400391,0.25556549656658845,0.9935996743331766,0.8902485293327198,14.040464571870547,-14.040464571870547
29.0,31.5,happy,72.71208494138901,47.87508598225059,14.229098838793258,0.06876067072153091,4.0,1813.73726551574,3254.8204787234044,3158.206488870031,0.025189079122340426,0.360027015209198,0.3194381296634674,0.18117517232894897,0.02665920513033218,46.07371794871795,0.10683760683760683,0.011427590519513961,184.22840377127343,984.375,0.7384395539147361,1.9886509125436882,2.6061934916382907,0.4426640260652808,1.2707480509323552,0.6979712307627575,1.0214350145860005,0.9767263109231114,0.09734905313302053,2.740663344214776,2.4594663011583524,2.0087926448333566,1.416580039026058,0.9579517008369155,0.524898438390279,0.7587052917438797,0.8225128321360274,1.121086841461204,15.737077697286947,-15.737077697286947
30.0,32.5,happy,93.88115217857448,51.34360571784404,17.25278906157887,0.11097443848848343,6.0,2427.214222835685,4427.393617021276,3410.736918885607,0.046143617021276596,0.4076820909976959,0.2699579894542694,0.19651515781879425,-0.3267865202794587,71.81490384615384,0.17094017094017094,0.0075373582448954,255.77059178966243,1476.5625,1.2216202235729994,2.36957110446378,3.646300295359666,1.4129607273398002,0.16686590567798673,2.5818287190286795,2.5455539337427777,1.7039938232114242,2.1296979840267207,1.8843121769770925,1.1155656384245742,2.673023454663768,2.727730015682037,3.2941150564473656,1.0758556645020647,1.4748207340575783,2.4888868845804173,2.7369550263605933,26.44434694739378,-26.44434694739378
31.0,33.5,happy,103.15045056279496,49.99454661350519,20.663329672037005,0.10236015915870667,9.2,3065.739710758779,5453.557180851064,3673.529413434981,0.06872922207446809,0.45897814631462097,0.1855435073375702,0.19764696061611176,-0.6955271593122649,56.18990384615385,0.1794871794871795,0.009541164185827481,220.6442079809326,1570.3125,2.0798714977022694,2.2214145731161565,4.81947817799261,1.0342958792900743,1.5993455267290024,4.542604926708198,3.8793686449109406,2.4608152634916127,4.530094740985213,0.9625334132563999,1.1771659096536222,2.7220312121436034,4.095618337713451,1.8760548094620342,1.2892895448877104,1.105959371443416,1.670716569185188,3.044739442531905,29.54521037489002,-29.54521037489002
32.0,34.5,happy,85.91569450276037,36.75450074947571,8.999030284068274,0.08504143357276917,8.8,2614.1400638620516,4510.970744680851,3501.9485456815787,0.05524227061170213,0.45257261395454407,0.22242124378681183,0.1698870211839676,-0.36074700964673245,49.479166666666664,0.1581196581196581,0.010818245923570021,222.40011677426438,1570.3125,0.48409253637198474,0.7673646624864805,0.8071236508504447,0.27300264263531704,1.3785690976781295,3.155838290482354,2.6541880797199298,1.9666760390045268,3.0967023445346538,1.077639412409056,0.1755516408839352,1.5200087550778845,2.8537105881999274,1.2670161136414106,0.7557048439235957,0.8708736775991026,1.7116155259086658,3.044739442531905,18.197528129234755,-18.197528129234755
33.0,35.5,happy,78.51737327683625,33.054647829799435,7.725247198351481,0.08063195645809174,7.6,2528.972703340308,4250.864361702128,3426.4209703631673,0.052784242021276594,0.38384273648262024,0.29256168007850647,0.17072926461696625,-0.3530435715447284,41.76682692307692,0.14957264957264957,0.013220889572945406,183.11398361115192,632.8125,0.20092356251379784,0.36103896977766753,0.3689602292355509,0.07917168850820691,0.7162398105255079,2.894307408253871,2.316099949996287,1.7491626414801122,2.8354632126595942,2.312700102657516,1.729491037215069,1.5564784139276522,2.825133746095237,0.5670761199371122,0.54227096353795,0.4285941173475607,0.7965555488912086,0.03310471918121687,13.042744098709072,-13.042744098709072
34.0,36.5,happy,91.47827566771534,37.20600311058623,10.248940694214754,0.10120325535535812,9.6,2114.702477565976,3667.3204787234044,3208.222215259404,0.03828540558510638,0.41683462262153625,0.30752190947532654,0.16755162179470062,-0.037638668460388935,51.58253205128205,0.1794871794871795,0.010476235973843132,200.2905914322911,703.125,0.9991360892256956,0.8169496091372649,1.2370752086650714,0.9834409225220914,1.8201219557798765,1.6221714988629412,1.557605453442208,1.1207676167738503,1.2945277416332508,1.7198432088856137,2.135816931119841,1.4188845246386097,1.6551008341488718,1.4579088391971287,1.2892895448877104,0.9338309997164232,1.196636317665049,0.1977335929472673,15.696507882146046,-15.696507882146046
35.0,37.5,happy,102.2955152963184,48.001198847424334,13.669466227449268,0.09564895182847977,8.0,2115.92262115378,3691.4561170212764,3205.8243888653533,0.03695977393617021,0.4661422371864319,0.24283215403556824,0.17966200411319733,-0.025394353436918204,54.787660256410255,0.18803418803418803,0.009766116187442367,169.56987106971047,703.125,2.000712401583339,2.002500894803442,2.413687763949362,0.739285907283927,0.9370162395763818,1.6259183007716638,1.5889771280561344,1.1138620678608224,1.1536396891089162,0.83379628549481,0.3788169541590578,1.943271530095425,1.6096790559152303,1.7487929924248888,1.5027234252733561,1.0645501211046067,0.4810835410090418,0.1977335929472673,15.72096898752888,-15.72096898752888
36.0,38.5,happy,94.94647575415203,53.11095290961048,10.318451302561138,0.0732966735959053,6.0,1796.8504203347954,3002.8922872340427,3325.1106411710284,0.021966422872340425,0.4770064949989319,0.23829226195812225,0.1684863567352295,0.22691361327946427,34.35496794871795,0.11538461538461539,0.015295739512899625,156.08597519014376,492.1875,1.3202593306769266,2.5636649204996638,1.2609858778622882,0.24327127672166163,0.16686590567798673,0.6461153144683842,0.6939769564257536,1.4573969676318859,0.4398527670283858,0.6385679765483152,0.25551164528514875,1.4593591226710054,0.6737119161606,0.1055934844020834,0.31146455800463296,0.046654948270425586,0.16701411090164311,0.4947813434381852,8.043793537379221,-8.043793537379221
37.0,39.5,happy,85.03515058023015,35.23898597937845,6.504143040279294,0.09286291152238846,6.0,1677.1012724700136,2644.847074468085,3267.4732053599223,0.01935048204787234,0.41652074456214905,0.32982298731803894,0.16442380845546722,0.3016267164086026,42.16746794871795,0.13675213675213677,0.01304737372606115,211.4638304869953,796.875,0.40256231562465655,0.6009276169770911,0.0510823840230484,0.6168176788019727,0.16686590567798673,0.27839110538960543,0.22858723797948016,1.2914057460811403,0.7178748017119866,1.7254835281607204,2.741523244113018,1.2834482826230822,0.3965545582378554,0.6034366390905825,0.22212014295948176,0.46053498068640564,1.4568854959223823,0.5055180091185796,9.09786729483579,-9.09786729483579
38.0,40.5,happy,89.94101108564404,28.823151800633813,8.29379783792896,0.11026418209075928,7.2,1620.7144089184037,2639.9601063829787,2995.8002492454802,0.02308427526595745,0.45068877935409546,0.3211285173892975,0.14920970797538757,0.36796280018862004,45.67307692307692,0.16666666666666666,0.011963941297099193,204.90343872487563,796.875,0.8567996111506672,0.10367289649720918,0.5645336328958911,1.3817394120533442,0.4954633814746345,0.1052390189516957,0.22223512204525547,0.5090092842481017,0.32104748135739497,1.1114915033413355,2.505377916918038,0.6246683711678669,0.15047277411448864,0.9215911816834451,0.9691387243092415,0.659973635839502,1.3040796213878179,0.5055180091185796,9.589194324370201,-9.589194324370201
39.0,41.5,happy,88.91339813291007,21.28603243052035,5.062399778001656,0.11627255380153656,5.6,1580.1589960195713,2648.038563829787,2883.1652602911295,0.022155501994680853,0.5441597700119019,0.22863437235355377,0.14868682622909546,0.4561798309629307,52.3838141025641,0.17094017094017094,0.009951869045362691,173.8291977198069,937.5,0.7616521588367958,0.9314153272310033,0.5470217381983342,1.6458542699292973,0.3876423347288606,0.01929804371639204,0.23273555858958633,0.1846294928368257,0.4197574491918426,0.5681615163689927,0.006800550786124726,0.6020272698438098,0.17677904851341944,1.5306298775040688,1.0758556645020647,1.0303566641024309,0.5802925756667632,0.9671946333755479,9.02808594337847,-9.02808594337847
40.0,42.5,happy,86.75825022743224,33.40255627342499,7.124825057349686,0.09233618527650833,7.2,1549.0845270781356,2458.44414893617,2907.0469148835077,0.020518201462765957,0.5043669939041138,0.2561138868331909,0.15854370594024658,0.437813514721332,63.40144230769231,0.20512820512820512,0.00860765222129609,188.61508480618429,937.5,0.5621054014509154,0.39924701275245905,0.16242347846166005,0.5936639469313845,0.4954633814746345,0.114721140396257,0.013700612654526288,0.25340675474405977,0.5937696519961934,0.14690586530448013,0.739554200123046,1.0288362259065773,0.10864696095313413,2.530544154224495,1.9295911860446477,1.2778006102679216,0.9246882289948214,0.9671946333755479,10.199077429268899,-10.199077429268899
41.0,43.5,happy,73.50653789935048,34.742676237035745,7.592147771417054,0.05678195506334305,4.8,1408.0382112877307,2064.2952127659573,2924.7943275160255,0.016792719414893617,0.49678000807762146,0.25199928879737854,0.14597393572330475,0.5263770860610335,49.67948717948718,0.12393162393162394,0.010554089709762533,176.512744900464,937.5,0.6648805600035117,0.5464218287110061,0.323175903022935,0.9692221246469446,0.8291951928306079,0.5478444305600283,0.5260182080026242,0.3045178886933795,0.9897136616766511,0.2832423218273465,0.6278000497945988,0.4845574418028726,0.43718431802539226,1.2851963732181462,0.09803067761898719,0.9194996542856,0.642798259574668,0.9671946333755479,8.203804268173872,-8.203804268173872
42.0,44.5,happy,71.90184236195735,42.24428742670923,10.107013565428762,0.04731474816799164,5.6,1909.9404316803677,3112.4002659574467,3217.183558425658,0.028517702792553192,0.35265061259269714,0.26856502890586853,0.19417071342468262,-0.0802180870957665,35.35657051282051,0.08547008547008547,0.015366669002444322,141.39550964922634,632.8125,0.8134605206941423,1.370264675778278,1.1882542774828568,1.3853797999723465,0.3876423347288606,0.9933907291019698,0.8363162073600172,1.1465755708920184,0.2564168718575502,2.8732156670500326,1.0777322653532109,2.5715075699496652,1.8130543747810934,0.01469218651840846,1.0584831393543934,0.0335982207557771,0.17515896590474417,0.03310471918121687,11.4004431467805,-11.4004431467805
43.0,45.5,happy,74.54879615681492,43.26580356683224,11.381997840295279,0.052447766065597534,6.0,1826.3929505041197,3055.5518617021276,3110.50407816894,0.027987865691489363,0.37304118275642395,0.2783786356449127,0.17205092310905457,0.02092390390665186,32.95272435897436,0.10256410256410256,0.01654293486219398,148.25337109230648,492.1875,0.5683770879647448,1.4824497442823072,1.626830891228932,1.1597435780872791,0.16686590567798673,0.7368341524259414,0.7624242464925032,0.8393471698881154,0.20010581638152308,2.506801633047723,1.3442738019101044,1.6137070398021816,1.4378558376138746,0.2328553014392287,0.6316153785831019,0.1829292477784051,0.015424371806640491,0.4947813434381852,10.513726093308279,-10.513726093308279
44.0,46.5,happy,70.49341341113394,37.505044385275674,8.96583438759382,0.04910438135266304,6.8,1414.4021412493862,2250.0,2638.0930871232977,0.022413148271276596,0.39806970953941345,0.3080916702747345,0.1618102490901947,0.32784300471205347,30.14823717948718,0.08547008547008547,0.017659625869836052,146.68351886010691,492.1875,0.9438680112570211,0.849790956002844,0.7957047305131284,1.3067114457206037,0.27468695242376057,0.5283021527776013,0.284637802502078,0.5211588341377352,0.3923748182936962,2.057044544842109,2.1512918653598567,1.1702795540813231,0.2993020429974382,0.48737893551351896,1.0584831393543934,0.3884901547923032,0.051989664235729496,0.4947813434381852,9.362727041015955,-9.362727041015955
45.0,47.5,unknown,76.2047832732431,52.605316735946275,9.675290234986045,0.0515705831348896,5.6,1447.961142930984,2197.839095744681,2663.210100930017,0.021513464095744683,0.4694649577140808,0.16736142337322235,0.1707313507795334,0.29714283666348984,21.634615384615383,0.0641025641025641,0.02498190688074624,113.16566515663182,421.875,0.415048001586902,2.5081348837703334,1.0397475389502837,1.1983026180780265,0.3876423347288606,0.42524958354534675,0.35243691747349876,0.4488238361487913,0.4879931987686755,0.7740877328343284,1.6709986794529688,1.5565687460503472,0.41318805639748535,1.2600399675247576,1.592067840318508,1.7363784387604588,0.8326937949332927,0.7256196555666694,13.256785194987533,-13.256785194987533
46.0,48.5,neutral,84.09774344667541,43.70994681418282,5.177568405172867,0.0883118137717247,7.2,1449.2029168313045,1984.0093085106382,2728.8978620397224,0.02323803191489362,0.5341222882270813,0.1758241504430771,0.13594484329223633,0.48925680718905995,28.645833333333332,0.1111111111111111,0.01814306154430158,148.56743988003535,445.3125,0.3157670876146475,1.5312264974559056,0.5074053542866018,0.41676139176499294,0.4954633814746345,0.4214363595392296,0.6303743983506046,0.2596483193324691,0.30470623388592044,0.38779018969841983,1.4411475822323772,0.0502915690116318,0.2994821214009389,0.6237308823390317,0.41818149819745615,0.4774811783126272,0.008109022737088214,0.6486735515238413,6.412389447207828,-6.412389447207828
47.0,49.5,neutral,97.25314183594317,58.59554776026098,9.868815340318172,0.08917312324047089,6.4,1718.1945201022518,2556.083776595745,2866.465191624704,0.029552443484042554,0.49188515543937683,0.20216698944568634,0.1472170650959015,0.2682420396025446,28.545673076923077,0.10683760683760683,0.01848032994923858,152.18003127405302,703.125,1.5338352693971797,3.1659947563875024,1.1063174465519303,0.4546226691418686,0.053910523372887174,0.4045797443359651,0.11321207101090608,0.13653462603868902,0.36638905078720324,0.371201740648142,0.7256653979819214,0.5383857084873825,0.5203990839120024,0.6328210121273992,0.524898438390279,0.539565675054811,0.076036133118749,0.1977335929472673,7.859565819175944,-7.859565819175944
48.0,50.5,neutral,96.77003573698177,51.85939635780809,12.440548747314777,0.08869102597236633,6.0,1744.197586529832,2716.25664893617,2853.947898170666,0.030167470079787234,0.48068171739578247,0.23265889286994934,0.13532257080078125,0.266022586612799,37.05929487179487,0.13675213675213677,0.014284728980986903,162.023285616325,703.125,1.4891041141590358,2.426216326213419,1.9909574780662893,0.433430729365668,0.16686590567798673,0.4844296406083132,0.32140591163060345,0.10048581849363639,0.4317540406731014,0.5725250432966865,0.10250705760590406,0.023346787270605303,0.528632415160584,0.13984001988383912,0.22212014295948176,0.232762152965671,0.3053070581756756,0.1977335929472673,6.956561535462819,-6.956561535462819
49.0,51.5,neutral,97.23749497872106,46.2428626798066,7.83651522318072,0.09201231598854065,6.8,1796.5001076984593,2797.1409574468084,2834.9677586650732,0.03339012632978723,0.5007104873657227,0.22813300788402557,0.1333778202533722,0.26590949106942485,35.35657051282051,0.1282051282051282,0.015178967683619501,162.6891220984269,703.125,1.5323865151775664,1.8093966885463058,0.4072348609386991,0.5794273625322305,0.27468695242376057,0.6450395787372833,0.42653991209297865,0.04582452939566005,0.7742577545684663,0.212612478720867,0.020417812985088,0.06086210796458071,0.5290519568565062,0.01469218651840846,0.008686262573835327,0.06815035118513063,0.32081584631422483,0.1977335929472673,4.856951469348378,-4.856951469348378
50.0,52.5,neutral,82.4680645915898,23.582924936338237,4.271285029793361,0.09227769821882248,5.6,1380.2805937177839,2134.308510638298,2516.662068783345,0.023279587765957448,0.48894035816192627,0.29852771759033203,0.12471920996904373,0.552152146060076,40.26442307692308,0.13675213675213677,0.012795474905012134,199.55418686892045,726.5625,0.16487390284245576,0.6791657219721559,0.8191540571558349,0.5910929840030135,0.3876423347288606,0.6330821808807706,0.4350144246184226,0.8708704891540703,0.3002896805152517,0.4241190961259776,1.8915310341135925,0.43578526059550493,0.5328000431183144,0.4307241731116001,0.22212014295948176,0.5069046118343304,1.1794838445510443,0.27467969699009537,7.5909883672781495,-7.5909883672781495
51.0,53.5,neutral,84.76902937338167,24.291432172844427,3.9595828169738216,0.10199680179357529,6.0,1611.1131979292222,2560.771276595745,2529.8288533170494,0.030780418882978722,0.4905942976474762,0.2854294180870056,0.12555791437625885,0.40192483904789406,39.26282051282051,0.13675213675213677,0.013656778201906382,205.28318813346584,726.5625,0.3779219539291757,0.6013559549591003,0.926375223479525,1.0183234855252683,0.16686590567798673,0.075755738442828,0.11930491690699935,0.8329511990626832,0.496898202890466,0.3943981695393279,1.5357759107695066,0.39946884373959485,0.024486453567257427,0.3398228752279245,0.22212014295948176,0.34835557211609197,1.3129248157889617,0.27467969699009537,6.758810229095473,-6.758810229095473
52.0,54.5,neutral,81.82020201314442,23.79851850504556,2.7217945824699665,0.0994584932923317,6.0,1586.304096779945,2390.425531914894,2718.079227835822,0.02703623670212766,0.5532693862915039,0.2278537005186081,0.115458182990551,0.5132598358587974,34.15464743589744,0.13247863247863248,0.015342952859929707,186.31894111409,726.5625,0.10488782187240472,0.6554887791178349,1.3521569237912938,0.9067450044787708,0.16686590567798673,0.00042774395134135467,0.10211169565741138,0.29080512361677857,0.09896674419320753,0.7318593052204266,0.028003914235084068,0.8367934267282335,0.38852428040147685,0.12377374397881825,0.11540320276665854,0.037963897324149426,0.8712060197533833,0.27467969699009537,5.310683321346692,-5.310683321346692
53.0,55.5,neutral,73.49705703218626,22.234571049305412,3.0623506155502214,0.0837361291050911,5.6,1459.5768630091893,2333.5771276595747,2846.1867637299724,0.019200880984042552,0.5897694826126099,0.19639943540096283,0.10651389509439468,0.629087474132483,33.5536858974359,0.1282051282051282,0.015657089578879728,168.72347290368464,585.9375,0.6657584005893094,0.8272448048599076,1.235010450126141,0.21562431776449423,0.3876423347288606,0.389580173325729,0.17600365652492542,0.0781343698509112,0.7337743938463943,1.3877579597014493,0.8823145034671954,1.224086595718068,0.8182010151889253,0.17831452270902348,0.008686262573835327,0.019862509830401606,0.4613690762859411,0.18699692726687298,6.41743526517525,-6.41743526517525
54.0,56.5,neutral,79.94644087381806,28.978725806404537,7.404995101580512,0.08849690109491348,8.0,1614.8156945701946,2608.1449468085107,2933.4423723174627,0.025895528590425532,0.546785295009613,0.21483536064624786,0.12215670943260193,0.4507574131448912,36.7588141025641,0.1282051282051282,0.014577989113433023,169.31110266956242,585.9375,0.06860512425805954,0.0865874293084742,0.2587980233827793,0.4248974250218837,0.9370162395763818,0.08712531954795444,0.18088155096326086,0.32942356849011206,0.022267645831650938,0.6153416196255771,0.38158730159392223,0.5467431104343036,0.15666392903560306,0.11256963051873684,0.008686262573835327,0.17877871582496233,0.47505625893194864,0.18699692726687298,3.5504432704875897,-3.5504432704875897
55.0,57.5,neutral,91.38358592002038,19.158406338749774,4.663254388803938,0.12238415330648422,8.8,1543.0512304205017,2361.2034574468084,2804.7941131309485,0.02670171210106383,0.5341092944145203,0.2549595832824707,0.1178964152932167,0.5190044347045181,38.86217948717949,0.15384615384615385,0.014162627076146916,156.15070832270337,750.0,0.9903686946249864,1.1650757359911617,0.6843221242795836,1.9145067954960253,1.3785690976781295,0.13324811349899032,0.14009475624369525,0.04107316496505025,0.06341348955932369,0.38755669376185065,0.7082028478380643,0.7312164678695423,0.4098345696509276,0.30346235607445476,0.6489879037307732,0.2552387182243369,0.1685218871581234,0.3516258010329234,7.4139219573109285,-7.4139219573109285
56.0,58.5,neutral,83.70798500932712,23.75264824634531,5.268615344012846,0.09501290321350098,8.8,1221.9824856585224,1751.529255319149,2586.82505737619,0.016373005319148936,0.5217161774635315,0.2819105386734009,0.11113903671503067,0.7253832839777706,35.256410256410255,0.1282051282051282,0.014577989113433023,172.55499718668503,750.0,0.27967906222253625,0.6605263481903759,0.4760864910539045,0.711326603560092,1.3785690976781295,1.119182062363756,0.9325536277930174,0.6688066738527443,1.034320850720406,0.16485512438875397,1.440201719669204,1.0238151178676433,1.1754220529715482,0.023782316306775887,0.008686262573835327,0.17877871582496233,0.5506136580264566,0.3516258010329234,7.6302087114077946,-7.6302087114077946
57.0,59.5,neutral,81.40739704778505,27.086363710921113,5.877949771884578,0.08959967643022537,6.8,1285.3982253178233,1836.1037234042553,2646.075332940358,0.01780044880319149,0.5168580412864685,0.2748732268810272,0.12106771767139435,0.6669013826537213,33.35336538461539,0.13675213675213677,0.015632469242445844,162.7190781402598,750.0,0.06666590120474204,0.29441064714884196,0.2664840392567132,0.4733730129141194,0.27468695242376057,0.9244457897040622,0.822623131625207,0.4981706023531971,0.8826122424379328,0.07755549225110803,1.2490654791159261,0.5938971237105478,0.9584763154982145,0.19649478228575834,0.22212014295948176,0.015330388900169634,0.32151358805524394,0.3516258010329234,5.238676685844508,-5.238676685844508
58.0,60.5,neutral,80.09723812988452,30.544009762122673,7.352228128770834,0.08356785774230957,8.0,1373.6047664328146,1939.9268617021276,2788.3398911858017,0.018716755319148935,0.520200252532959,0.2659569978713989,0.11856889724731445,0.6301844176692089,46.173878205128204,0.1623931623931624,0.011375286823219255,161.68441760913876,867.1875,0.05464269346884764,0.08531537369506036,0.2406469287311039,0.20822747728841026,0.9370162395763818,0.6535822291239851,0.6876730767776945,0.08846001279938305,0.7852272406146859,0.13761428881644336,1.0068970854035304,0.7020975855040812,0.8222702608726961,0.9670418306252829,0.862421784116419,0.7683333761261669,0.2974140810384155,0.7363563212470637,7.110957329331706,-7.110957329331706
59.0,61.5,neutral,73.44705308112208,32.75710734207427,9.630475150134954,0.07198110222816467,8.8,1406.8101352500244,2011.7353723404256,2760.4841362820193,0.02092752659574468,0.534389853477478,0.2361188679933548,0.12098710238933563,0.5936686645863648,37.25961538461539,0.1111111111111111,0.013924580170919739,160.36713035360364,843.75,0.6703883038390948,0.32836244251873425,1.024331781637675,0.3011009120275539,1.3785690976781295,0.5516155913382588,0.594335863050308,0.1686823668758293,0.5502666012951056,0.3925982780436446,0.19648138431006734,0.5973878150232622,0.6868106263088989,0.15802027946057462,0.41818149819745615,0.2990584834194322,0.26673157938393455,0.6594102172042356,6.257996517582403,-6.257996517582403
60.0,62.5,neutral,80.27862117765703,33.97646148224952,8.494058094533742,0.06994625926017761,7.2,1657.1983067208482,2504.122340425532,2939.8520159770087,0.027379072473404254,0.48894089460372925,0.2584473788738251,0.1395738273859024,0.36709450020576373,39.66346153846154,0.1111111111111111,0.01313355856728659,158.48658846496377,843.75,0.03784830133651351,0.4622744996789463,0.6334203375721825,0.39054815117319247,0.4954633814746345,0.2172733231846074,0.04567222607761672,0.3478828313941709,0.13540330950122495,0.42410945638547703,0.8029327897275532,0.20742881304574026,0.1536938386808587,0.37618339438139486,0.41818149819745615,0.44467004221022094,0.22292964524461567,0.6594102172042356,4.842903418745724,-4.842903418745724
61.0,63.5,neutral,95.10421747303936,24.208856257700834,6.5100625107703,0.10120473057031631,7.6,1661.19153290014,2479.288563829787,2851.4182358337257,0.029845412234042554,0.5296636819839478,0.24472418427467346,0.13184426724910736,0.4297756796194322,42.76842948717949,0.1752136752136752,0.01222884472188235,152.2803950993342,632.8125,1.3348647544756527,0.6104246170519493,0.0490461696364927,0.9835057697399026,0.7162398105255079,0.22953567297694835,0.013393106330228704,0.09320059257214001,0.39752575205041835,0.30767002206913696,0.43020526230643835,0.127265896587132,0.07882963243967797,0.6579774178207878,1.1825726046948872,0.6112101122713355,0.07837382614834511,0.03310471918121687,5.505923521120088,-5.505923521120088
62.0,64.5,neutral,97.20351191009446,26.858403994418296,8.124591846164613,0.09749285131692886,8.0,1635.8289253080225,2636.0704787234044,2907.2464252897794,0.026057596409574467,0.5154062509536743,0.2606864869594574,0.13196197152137756,0.4247117377874175,41.86698717948718,0.18376068376068377,0.012139249697984064,143.27773253398573,632.8125,1.5292399974219992,0.3194456665749158,0.5063291574710292,0.8203396893686367,0.9370162395763818,0.15165248981210414,0.21717935630168905,0.25398132881355256,0.005043087686042798,0.05146714120975351,0.863747872859724,0.12216922917878985,0.06004432330307643,0.5761662497254803,1.3960064850805336,0.6277027984758676,0.13131787768874112,0.03310471918121687,6.039564770862345,-6.039564770862345
63.0,65.5,neutral,86.55422686854334,17.560828398529015,4.778565455458816,0.0886191800236702,7.6,1517.552828119962,2448.271276595745,2899.328914487666,0.020291722074468086,0.5674536228179932,0.21006940305233002,0.13028556108474731,0.5457018826432339,27.744391025641026,0.1282051282051282,0.018343928986163324,124.71079037458357,585.9375,0.5432147259693039,1.340525132848082,0.6446567431938136,0.430272538853785,0.7162398105255079,0.21154829338274272,0.026923384599239073,0.2311795287128141,0.6178398678663382,0.9867468970426223,0.5110326415211652,0.194758832517606,0.5088720051752557,0.7055420504343393,0.008686262573835327,0.5144569336971425,0.5637825744591415,0.18699692726687298,6.297981410703203,-6.297981410703203
64.0,66.5,neutral,75.16501556868101,25.421337933094723,6.3776074732339,0.06139056384563446,8.4,1475.9148556476473,2207.613031914894,2927.7348104590315,0.0202397772606383,0.5647841691970825,0.2017463892698288,0.12187380343675613,0.5774567156591207,32.95272435897436,0.11538461538461539,0.01583162758304385,144.48568192779948,585.9375,0.5113208714686195,0.47726730854621807,0.09460883498184011,0.7666377786489336,1.1577926686272557,0.33940966666211714,0.3397326856050488,0.31298624521878604,0.6233605595796742,0.9387774061472697,0.7370890692304483,0.558993114115919,0.6266704267553208,0.2328553014392287,0.31146455800463296,0.05199153227156057,0.10318209400262054,0.18699692726687298,5.255626832285276,-5.255626832285276
65.0,67.5,neutral,60.30504551730755,19.748084235497988,5.5515344649068705,0.027761520817875862,4.0,1365.5248271531918,2012.8324468085107,2896.9162429911526,0.015629155585106382,0.45175841450691223,0.25190073251724243,0.12960124015808105,0.47334166866920035,27.34375,0.05128205128205128,0.020045381711815375,79.73647820449898,421.875,1.887216619071809,1.1003160590329062,0.37876630252161203,2.2448968390611186,1.2707480509323552,0.6783940071949142,0.5929098778405841,0.22423122708781712,1.1133771560553773,1.0922703963243536,0.6251232212805423,0.2243903496793613,0.2404429762122487,0.7419025695878092,1.9122186608969767,0.8276610010109986,1.6113326830398227,0.7256196555666694,12.360249100411284,-12.360249100411284
66.0,68.5,unknown,61.15793919029635,24.86448686646895,5.684218104590557,0.04851052537560463,4.0,1327.4078137969088,1905.718085106383,2860.0156749728385,0.01501205119680851,0.5310272574424744,0.1971471756696701,0.13534119725227356,0.584533349054557,26.642628205128204,0.05982905982905983,0.0206276835908105,107.80571860991944,398.4375,1.808246555621749,0.5384218734152874,0.333125001260804,1.3328160535128,1.2707480509323552,0.7954432625659135,0.7321378883172688,0.11796053209454561,1.178962973609809,0.3321731713392879,0.8620055747046687,0.024153324080382198,0.6529220604410063,0.8055334781063819,1.6987847805113305,0.9348513532059912,0.9575386745116842,0.8025657596094974,10.508334449501696,-10.508334449501696
67.0,69.5,stressed,79.73674865805701,30.346628498853462,7.8560525443138385,0.10145170241594315,5.6,1503.2639132495083,2268.251329787234,2942.297766813522,0.02041223404255319,0.6102744936943054,0.16826628148555756,0.1260632872581482,0.6101598688270597,19.731570512820515,0.05982905982905983,0.02680028468113556,165.26445463488224,398.4375,0.08802068343978585,0.063638544840842,0.4139554239394702,0.9943621110328505,0.3876423347288606,0.25542651726175286,0.26091459401303374,0.3549263988820108,0.6050318630913988,1.7562284716772125,1.6464223663765303,0.37758588701672813,0.7479867574677826,1.43275243350374,1.6987847805113305,2.0711061184712762,0.3808009744467597,0.8025657596094974,10.808729601617516,-10.808729601617516
68.0,70.5,stressed,93.08794551068264,22.086832684516022,5.406096298690241,0.13325347006320953,7.6,1484.9775547465931,2231.848404255319,2727.664512176887,0.02464054188829787,0.6043823957443237,0.20244519412517548,0.12011723965406418,0.6324025138620709,28.545673076923077,0.09829059829059829,0.01820952678676097,162.27498012012052,773.4375,1.1481766245919907,0.8434697453415873,0.4287949810756327,2.3922981487277055,0.7162398105255079,0.3115800418363783,0.30823137597205624,0.26320026864198454,0.15564755762584878,1.650348775265872,0.7181092461286656,0.6350534066545671,0.8304985589179474,0.6328210121273992,0.7383323187759248,0.4897161255194642,0.311169573733068,0.4285719050757515,9.054687568461913,-9.054687568461913
69.0,71.5,stressed,97.39062928475924,21.90204874689555,5.034102073574249,0.12653392553329468,8.8,1566.2275616137974,2357.0146276595747,2683.4026983863446,0.02890832779255319,0.5256814360618591,0.2715502977371216,0.13297374546527863,0.4918355042000133,35.35657051282051,0.1282051282051282,0.015295739512899625,155.8122191602047,773.4375,1.5465653351726059,0.8637631091820261,0.5567557495341674,2.096921691687565,1.3785690976781295,0.06207852098526395,0.14553942704445907,0.39067076478310653,0.2979324735418368,0.23610994400435323,1.158813376760686,0.07835879490115676,0.30904811211081185,0.01469218651840846,0.008686262573835327,0.046654948270425586,0.16063773414233337,0.4285719050757515,6.398241720509834,-6.398241720509834
70.0,72.5,stressed,93.3145403611788,26.574294979552818,6.2849145646133575,0.10608728229999542,6.8,1644.3956739740913,2576.130319148936,2912.1270019106846,0.02597448470744681,0.516941487789154,0.2663474678993225,0.14062194526195526,0.43211014356987054,40.16426282051282,0.13675213675213677,0.013526703265203936,160.1627495741401,867.1875,1.1691572113730269,0.35064712100465967,0.1264938886114844,1.1981320475787218,0.27468695242376057,0.1779591561540141,0.13926870984313425,0.2680370005098282,0.013876194427380268,0.07905500744008435,1.0175024096222083,0.25281296194661007,0.08748961085806932,0.421634043323232,0.22212014295948176,0.37229981612392093,0.26197110396167217,0.7363563212470637,5.027841186358579,-5.027841186358579
71.0,73.5,stressed,74.98160446671474,26.58111551702445,6.1433277104832795,0.07113423943519592,5.2,1419.6581721800437,2048.038563829787,2904.611985896712,0.01856923204787234,0.5260461568832397,0.24454672634601593,0.1477779746055603,0.5649877956220444,28.946314102564102,0.08547008547008547,0.018618774596959466,179.7636882833303,726.5625,0.5283030426564601,0.34989807511743826,0.1751977701098113,0.33832714518556184,0.608418763779734,0.512161997700656,0.5471487161103519,0.2463943533209273,0.8009060050805601,0.2426638964624576,0.42538543303914195,0.56267343536228,0.5804154488613795,0.5964604929739291,1.0584831393543934,0.565050618662279,0.7185198421712435,0.27467969699009537,6.287397262042231,-6.287397262042231
72.0,74.5,stressed,79.9887394458448,37.914278705231425,8.687953552220312,0.06658942252397537,5.6,1553.7958298676708,2345.246010638298,3033.8162328077824,0.02240483710106383,0.5007045269012451,0.26414188742637634,0.13705217838287354,0.46538803752262786,37.25961538461539,0.11965811965811966,0.014102355562448696,167.8348222019845,867.1875,0.06468866781971722,0.8947339367499786,0.7001176411619264,0.5381073402800426,0.3876423347288606,0.10025372978913731,0.16083635929422554,0.6184922871117312,0.3932581289678298,0.21271958694865103,0.9575979500395728,0.09823985973814428,0.21093801252916006,0.15802027946057462,0.20474761781181006,0.2663335214761939,0.4406704575825409,0.7363563212470637,5.063257401982401,-5.063257401982401
73.0,75.5,stressed,86.89695221930096,34.79959340527965,7.796253835601653,0.10222858190536499,6.4,1404.765020574393,1996.0771276595744,2800.617619281358,0.022039145611702126,0.5500436425209045,0.26631852984428406,0.10982019454240799,0.6691909531817058,32.35176282051282,0.14102564102564102,0.016966431224058835,166.24070388700804,445.3125,0.574947922676496,0.5526725928132052,0.3933855112822149,1.0285120314792422,0.053910523372887174,0.5578957043075896,0.614688561043641,0.05310113439388955,0.43212379862971556,0.6738934034259911,1.016716440318565,1.0809217953765344,0.9669697562969073,0.2873960801694339,0.3288370831523043,0.26088661975173477,0.4035399550052313,0.6486735515238413,6.66052330158799,-6.66052330158799
74.0,76.5,stressed,87.92314764956899,33.70321262031614,5.341043661747145,0.09380746632814407,6.8,1548.2630278189372,2299.7672872340427,2792.353459576455,0.029091173537234043,0.5972439050674438,0.2210191786289215,0.09451892226934433,0.6226125180660362,31.450320512820515,0.14102564102564102,0.016995436579394858,140.7676675576774,445.3125,0.6699641255244357,0.43226573027178544,0.4511721709658711,0.6583382388283628,0.27468695242376057,0.11724379020825097,0.21994992798823657,0.07690125570745797,0.3173653083727796,1.5220716773426144,0.2136322988391945,1.7434762991015056,0.7941813768539953,0.3692072482647411,0.3288370831523043,0.2662259366355727,0.1897827815772622,0.6486735515238413,6.227707612817782,-6.227707612817782
75.0,77.5,stressed,79.86979466100614,22.70417164260457,5.769874080245884,0.08334220200777054,6.8,1682.4121200679965,2559.175531914894,2995.191864711294,0.02843459109042553,0.5547342896461487,0.2108662724494934,0.12771277129650116,0.4362430139800996,38.962339743589745,0.1581196581196581,0.013619359364040214,138.2226757642662,445.3125,0.07570185446096238,0.7756722719751556,0.3036605533530346,0.19830814554171308,0.27468695242376057,0.2946995908137474,0.11723075660194626,0.5072571852766425,0.24758376511621236,0.758183294362906,0.48938934571738585,0.30616221329012544,0.10282099712851123,0.3125524858628222,0.7557048439235957,0.35524364607615466,0.2490612074360616,0.6486735515238413,4.82699415435538,-4.82699415435538
76.0,78.5,stressed,79.35712427798053,25.289039538424444,7.464951836012111,0.08631303161382675,6.8,1610.9859521781227,2458.344414893617,3085.316275379827,0.021820977393617023,0.5658196806907654,0.19400516152381897,0.142511785030365,0.4833386409143367,35.35657051282051,0.13247863247863248,0.015462271311431214,147.9844165359606,468.75,0.1231703888852182,0.491796598770914,0.27942229465940843,0.32889930683251556,0.27468695242376057,0.07536499375682375,0.013830247673592292,0.7668083052716136,0.4553107038257264,0.957385318560188,0.947343952386616,0.33464418666657375,0.27752796262888707,0.01469218651840846,0.11540320276665854,0.015999711218689962,0.021688911743079957,0.5717274474810132,3.7714092065771925,-3.7714092065771925
77.0,79.5,stressed,74.96268756850806,30.257324966225713,7.812669893570946,0.06796201318502426,6.8,2118.1186133956394,3948.271276595745,3749.087340075028,0.024576130319148935,0.5616612434387207,0.16735662519931793,0.14334529638290405,0.140766856884378,32.95272435897436,0.13675213675213677,0.017566013909568953,148.91585098380367,492.1875,0.5300545724179896,0.053831041530821445,0.39903240376328925,0.4777712617523894,0.27468695242376057,1.6326617267139742,1.9227873021506066,2.678416070403399,0.16249321535038547,0.8826591212821085,1.6711289998009466,0.3707357410599181,0.9932838037692222,0.2328553014392287,0.22212014295948176,0.37125802940742525,6.233994419577949e-06,0.4947813434381852,7.7932266077011185,-7.7932266077011185
78.0,80.5,stressed,75.90546708427838,32.766116871395226,8.486200223934974,0.06542239338159561,6.4,2098.267012871285,4069.747340425532,3763.866048124823,0.023223487367021275,0.45106035470962524,0.2542140483856201,0.1814229041337967,-0.01873459361435685,36.65865384615385,0.1623931623931624,0.01477295692938067,185.48027670707947,843.75,0.44276191151818567,0.3293518881323285,0.6307173408792836,0.5894073847702745,0.053910523372887174,1.5717016762089882,2.0806827553727683,2.7209775717541347,0.3062520275656548,1.1048143764212794,0.6879538178690181,2.019519584403389,1.5849738655334205,0.1034795007303694,0.862421784116419,0.14288896583105617,0.8516716911948021,0.6594102172042356,10.21709464680469,-10.21709464680469
79.0,81.5,stressed,88.60296328159095,32.79307738610811,10.061719638859277,0.09488168358802795,9.6,2034.9677383954497,3862.998670212766,3435.976273067619,0.02717752659574468,0.47580909729003906,0.2591826021671295,0.16698838770389557,0.06989291504232883,48.57772435897436,0.18803418803418803,0.011133243542688881,189.37958430686461,820.3125,0.7329087636373997,0.3323127490244574,1.1726738053706123,0.7055584762869112,1.8201219557798765,1.3773230434009243,1.811949360849335,1.776681151730935,0.1139830256534813,0.6600849484278477,0.8229017523649201,1.394496141969852,1.2561993251946961,1.1852049455461031,1.5027234252733561,0.8128887956127997,0.9424950946544647,0.5824641131614076,13.000688826441579,-13.000688826441579
80.0,82.5,stressed,92.0512467208407,27.96682331160814,8.307438511601697,0.11803893744945526,8.0,1653.7528354538379,2542.719414893617,2938.012874071551,0.026793134973404256,0.4790165424346924,0.287254273891449,0.15903879702091217,0.36114324769872036,46.57451923076923,0.1623931623931624,0.011414469554780574,188.37186595554252,820.3125,1.0521879078208505,0.19771670689821594,0.5692258323108453,1.7235006254781124,0.9370162395763818,0.20669301243370594,0.09584097845608652,0.3425862492822844,0.07312990697479513,0.6024478688927091,1.5853397340451958,1.0502739743104472,0.17577073486240635,1.0034023497787532,0.862421784116419,0.7611206039412866,0.9190231299392737,0.5824641131614076,9.39428754707836,-9.39428754707836
81.0,83.5,stressed,89.73612938393028,37.953240269335375,14.762634489686283,0.0817943885922432,6.8,1756.7395015058046,2847.50664893617,3209.1822365217436,0.026691323138297873,0.4724598824977875,0.2977755069732666,0.14276841282844543,0.3187391134253779,49.87980769230769,0.1794871794871795,0.010877430498821223,190.58901535322994,679.6875,0.8378294610645564,0.8990127783329411,2.7897222328896047,0.130269658587381,0.27468695242376057,0.5229431987179752,0.4920055967212149,1.1235324014976655,0.06230935121665651,0.7202695971608292,1.8711006888777941,0.3457563282169559,0.33307403679977876,1.303376632794881,1.2892895448877104,0.8599789583915411,0.970665389269522,0.12078748890443924,11.038937323194515,-11.038937323194515
82.0,84.5,stressed,84.73683383205997,34.699847956549675,12.793027013679009,0.08723785728216171,4.8,1703.9136349186297,2804.4215425531916,3268.980008358962,0.02301778590425532,0.5419789552688599,0.22631679475307465,0.1414540410041809,0.4076596739130768,47.17548076923077,0.1282051282051282,0.011533654262625762,186.93682398079616,1523.4375,0.3749409446644758,0.5417183361360763,2.1122050318820382,0.36955261719848204,0.8291951928306079,0.36072617792042716,0.43600326848478327,1.295745218629271,0.3281139667504652,0.5289727579873743,0.06974689774578585,0.2888432195424113,0.0032123849931013637,1.0579431285089578,0.008686262573835327,0.7391810374191424,0.8855978632942108,2.8908472344462495,10.175783086454357,-10.175783086454357
83.0,85.5,stressed,84.8285152336789,34.03533042027162,12.034828357322633,0.0983172133564949,6.0,1580.2548326309459,2531.848404255319,3027.0763029182995,0.02212641289893617,0.5784860849380493,0.19393092393875122,0.14399182796478271,0.5025333690850323,43.77003205128205,0.1452991452991453,0.012319772110653231,176.31968943720767,1523.4375,0.3834297942506918,0.4687396112766677,1.8513953844168436,0.8565768386994241,0.16686590567798673,0.019003749829989595,0.0817107613779129,0.599081826188588,0.4228490365513109,1.1849978001771821,0.949360275286076,0.398730956341998,0.3487331451607912,0.7488787157044627,0.4355540233451275,0.5944721638323894,0.6383015755402026,2.8908472344462495,10.023238958310628,-10.023238958310628
84.0,86.5,stressed,78.85122151192233,33.333930222707856,8.376281262410139,0.0816858634352684,5.6,1431.0601367827546,2003.0585106382978,2941.279655165065,0.01861078789893617,0.5637244582176208,0.22082966566085815,0.1334497332572937,0.6293465012899587,36.35817307692308,0.1111111111111111,0.01483911029025427,183.74583823272692,796.875,0.17001230458987546,0.39171035434984613,0.592906767931555,0.12549913043264824,0.3876423347288606,0.4771489851637276,0.6056141097090341,0.3519943184758621,0.7964894517098913,0.9197346343295482,0.218779547862746,0.05774823064939408,0.8191619079853619,0.07620911136526712,0.41818149819745615,0.1307114299056003,0.8112728251651606,0.5055180091185796,5.220521061774043,-5.220521061774043
85.0,87.5,stressed,67.80990286510892,38.15065955670071,9.156543163900489,0.04002595320343971,5.2,1482.2187321765148,2039.0625,3110.8816269018407,0.017386968085106383,0.45607900619506836,0.29549458622932434,0.12961514294147491,0.49887497356301624,37.66025641025641,0.10256410256410256,0.01453535975795195,176.61713463527417,796.875,1.192336260934474,0.9206937830740212,0.8613058606392184,1.7057792590631615,0.608418763779734,0.3200518002218014,0.558815867826275,0.8404344801490111,0.9265569484760873,1.0146303197094098,1.8091499569989584,0.22378835060454383,0.3351618812907066,0.19438079861404434,0.6316153785831019,0.18662594385683332,0.645229724843587,0.5055180091185796,8.764948736435285,-8.764948736435285
86.0,88.5,unknown,59.16650513802858,28.182738099572443,7.300454173977855,0.023179614916443825,6.0,1516.8942789906148,2180.3856382978724,3202.1641314917506,0.01647481715425532,0.41589346528053284,0.24816305935382843,0.15487779676914215,0.31640365865988407,31.650641025641026,0.06837606837606838,0.016880006157942162,63.22037037464928,468.75,1.9926349248226785,0.17400448706398872,0.22283741827598502,2.446307384914508,0.16686590567798673,0.21357055794200425,0.37512304581001615,1.1033208183398406,1.0235002949622674,1.736755598052711,0.5236065032567607,0.8701001033007671,0.34173769076732374,0.35102698868800625,1.4853509001256848,0.24497746058585956,1.9960289622193326,0.5717274474810132,10.61937862548967,-10.61937862548967
87.0,89.5,neutral,70.4088627607969,27.96781818681015,5.6067796544606505,0.06415954977273941,5.2,1819.5624741207541,2881.815159574468,3234.549191946716,0.028818982712765957,0.49575552344322205,0.22803813219070435,0.14414799213409424,0.25277451004640605,41.86698717948718,0.12393162393162394,0.012911806267490509,154.115850548562,726.5625,0.951696619245708,0.19760744759402452,0.35976273625190763,0.6449192233062202,0.608418763779734,0.7158592096351956,0.5366000432798549,1.196587211427345,0.2884368837948989,0.3016520840188644,0.02299467526948434,0.40549296095516746,0.5777777691201584,0.5761662497254803,0.09803067761898719,0.4854902902166515,0.12112559849034693,0.27467969699009537,5.358695152134553,-5.358695152134553
88.0,90.5,neutral,92.0351289256014,38.18708725930039,8.64781439295688,0.11008124053478241,5.6,1919.8956692078077,2881.615691489362,3186.6815151034666,0.035833610372340424,0.5815494656562805,0.18610087037086487,0.12214068323373795,0.340930145384427,43.77003205128205,0.12393162393162394,0.012183882501356305,174.5186162917266,726.5625,1.0506955490977967,0.9246943506138522,0.6863103363226463,1.3736977020223604,0.3876423347288606,1.023961149946241,0.5363407732417235,1.0587321170743058,1.0339510927637918,1.240046073846781,1.1620277037661462,0.5474370547054357,0.2507537003426178,0.7488787157044627,0.09803067761898719,0.6194867749913195,0.5963506422613293,0.27467969699009537,8.931049774545182,-8.931049774545182
89.0,91.5,neutral,95.66086551751486,36.24075849216886,11.083165985772103,0.10282151401042938,6.4,2037.2095041991538,3117.586436170213,3167.824670157855,0.04020736369680851,0.5766754746437073,0.17809340357780457,0.12893415987491608,0.23995184986071405,45.07211538461539,0.1581196581196581,0.01176570838843249,167.81893819321158,726.5625,1.386405213484498,0.7109443984635905,1.5240369466918864,1.054576027882506,0.053910523372887174,1.3842070302334466,0.8430572283514399,1.0044259064827525,1.4987933350266827,1.1524615338232294,1.3795137473487797,0.2532753363699871,0.6253449891895058,0.8670504029532405,0.7557048439235957,0.6964644253476696,0.4403004842730693,0.27467969699009537,10.364779059655975,-10.364779059655975
90.0,92.5,neutral,85.99698609173288,35.79066808833343,5.2916372352124,0.09194314479827881,6.0,1675.2866438653552,2338.563829787234,3170.399754227204,0.024908577127659575,0.6034941673278809,0.18189775943756104,0.11183223873376846,0.5615127141122934,40.56490384615385,0.1581196581196581,0.012616844570492558,170.31420992180946,468.75,0.4916193854299906,0.6615145159546338,0.4681672850814323,0.5763867485415303,0.16686590567798673,0.2728187662095957,0.16952190557163474,1.011841943373567,0.12716078838503486,1.6343875071614968,1.2761859002653666,0.9937990439549864,0.5675242106518782,0.4579945624767024,0.7557048439235957,0.5397869520096796,0.49842082106322727,0.5717274474810132,7.659099827803288,-7.659099827803288
91.0,93.5,neutral,81.37926302193105,27.212186051876575,4.525829666232632,0.08388464152812958,5.6,1657.5025880523165,2467.619680851064,3260.837300355512,0.020489112367021278,0.5250400304794312,0.23867183923721313,0.14091132581233978,0.4531764026792257,40.86538461538461,0.1581196581196581,0.012746257838196377,157.30072667818357,492.1875,0.06406095069665534,0.2805925708747597,0.7315942912062128,0.22215259853535022,0.3876423347288606,0.218207706551393,0.001774190900471168,1.2722948685364368,0.5968612393556614,0.2245840276125145,0.265821118030622,0.2653433178233039,0.16563746540472019,0.4852649518418047,0.7557048439235957,0.515964508283728,0.19530833024139055,0.4947813434381852,4.970213577205368,-4.970213577205368
92.0,94.5,neutral,83.59501290645551,24.508258966106013,3.8085476343048232,0.0997324138879776,6.8,1944.4667670114454,3022.6396276595747,3225.5986708965092,0.033103390957446806,0.4995942711830139,0.23152495920658112,0.15931297838687897,0.18546525338007627,33.5536858974359,0.1282051282051282,0.016192643813958338,160.4704938399867,726.5625,0.26921889067431226,0.5775435767693335,0.978329196777293,0.9187859537859759,0.27468695242376057,1.0994137745965855,0.7196446902007849,1.1708104241408923,0.7437835363108516,0.232670636537981,0.07170895971746238,1.062146196150363,0.8274696566213247,0.17831452270902348,0.008686262573835327,0.11844753788605865,0.26913914108214015,0.27467969699009537,6.205139924124426,-6.205139924124426
93.0,95.5,neutral,77.3263611312364,23.58094286294556,3.4689728704683445,0.08238369226455688,6.0,1840.7199070833842,2793.4507978723404,3086.889285350275,0.031644780585106384,0.4812949001789093,0.25235071778297424,0.14967095851898193,0.24019046910215433,34.75560897435897,0.13247863247863248,0.015706563641496002,157.00672630593834,726.5625,0.3112002683758754,0.6793833974748756,1.0951381276581214,0.15617415703572557,0.16686590567798673,0.7808291943160515,0.42174341638754365,0.7713384486208399,0.5887625130003773,0.5615062843634052,0.6373450034800399,0.644640803495734,0.624459802043781,0.06923296524861368,0.11540320276665854,0.02896971416487352,0.1884604184666975,0.27467969699009537,5.134828719417321,-5.134828719417321
94.0,96.5,neutral,65.35216607717354,20.641738163183764,4.064786444068682,0.06251706928014755,4.8,1583.881891517343,2363.3976063829787,3035.6108778105563,0.020175365691489363,0.4822426736354828,0.23523108661174774,0.14832627773284912,0.38535846591342604,32.25160256410256,0.11965811965811966,0.01820952678676097,147.04072356816351,726.5625,1.4198999493912805,1.002173089814377,0.8901866590912314,0.7171190675813015,0.8291951928306079,0.007865822052928342,0.13724278582424732,0.6236607216901997,0.6302062173042108,0.5444750050634677,0.17236888216152563,0.5864152981243205,0.08594143289498388,0.29648620995780134,0.20474761781181006,0.4897161255194642,0.043669585224957654,0.27467969699009537,5.798112481678579,-5.798112481678579
95.0,97.5,neutral,71.70626434021884,26.23433736057269,4.341682170151479,0.07355333864688873,5.6,1763.579057129524,2806.316489361702,3058.9170988864444,0.02721908244680851,0.4882286489009857,0.21287444233894348,0.1591869592666626,0.233118884511881,30.248397435897434,0.08547008547008547,0.01732116639099002,152.93167483036814,703.125,0.8315692360888811,0.3879819875581724,0.794938433446356,0.2319888433561262,0.3876423347288606,0.5439460219282288,0.43846633384703376,0.6907807809308113,0.11839957902415003,0.4369083540645289,0.4348466375944148,1.0566894907101365,0.6506927065716478,0.47828880572515153,1.0584831393543934,0.32618640471021976,0.09354355571265387,0.1977335929472673,6.114829144439758,-6.114829144439758
96.0,98.5,neutral,88.23338973135616,25.258148124754726,4.873333979213161,0.10461436957120895,8.0,1925.9629763251044,3077.692819148936,2997.521936395052,0.035278839760638295,0.4971274733543396,0.2354748398065567,0.1502472311258316,0.1802791268888863,42.868589743589745,0.14957264957264957,0.012274140020017912,173.34356168235928,703.125,0.6986896720486072,0.4951891593214563,0.6120577072235492,1.13338603072871,0.9370162395763818,1.0425925619498175,0.7912032207251138,0.5139676060239387,0.9749901052653631,0.2769984476886769,0.17898931772743662,0.6695937619313356,0.8467082246361871,0.6670675476091552,0.54227096353795,0.6028721364978299,0.5689810500599894,0.1977335929472673,7.91803215461625,-7.91803215461625
97.0,99.5,neutral,92.50880132948468,25.367112238645976,6.376918266065684,0.1042887270450592,7.2,1716.2152334213524,2822.972074468085,2811.1176678861325,0.029722822473404256,0.4966367483139038,0.26547303795814514,0.1449475735425949,0.3221649002751845,47.576121794871796,0.18376068376068377,0.011022150738555057,185.83184842898444,843.75,1.0945532314488964,0.48322248928930317,0.09484591253013966,1.119071498663702,0.4954633814746345,0.3985017751624748,0.4601153820310243,0.022861831244445064,0.3844969196069453,0.28581666808213546,0.9937525380071704,0.4401153278958222,0.32036566313662435,1.0943036476624282,1.3960064850805336,0.8333388014104517,0.8598605656363422,0.6594102172042356,8.41281864265892,-8.41281864265892
98.0,100.5,neutral,81.74721237987886,30.774932783458357,9.793843070365504,0.0843195840716362,4.8,1792.0582211282742,2854.3882978723404,2792.6648148406325,0.03673121675531915,0.49124911427497864,0.22475960850715637,0.16198764741420746,0.1913558461080444,50.98157051282051,0.1623931623931624,0.010270594912088336,191.72073994920137,820.3125,0.09812965710612218,0.11067582954119265,1.080528042769566,0.2412717199200017,0.8291951928306079,0.6313994881398678,0.5009504130367561,0.07600457736100158,1.1293486455702382,0.38263125963497513,0.11204070732356215,1.1779610106576384,0.8056177852800867,1.4033680604669234,0.862421784116419,0.971685484873311,0.9970257306775199,0.5824641131614076,8.947405287353316,-8.947405287353316
99.0,101.5,neutral,75.42711033850817,29.76140945315891,6.3101397105594526,0.09076257050037384,4.8,1693.4470624218427,2620.2127659574467,2773.634654399009,0.03340882646276596,0.4935172498226166,0.22886407375335693,0.1524054855108261,0.27600576209555616,39.96394230769231,0.11538461538461539,0.014223415985318748,197.7490922948156,820.3125,0.48705332059015105,0.000631451640270725,0.11781679407128143,0.5244912886877596,0.8291951928306079,0.32858555594712774,0.19656738827022416,0.13080992276818051,0.7762452035852678,0.34187336571632077,0.00056176766786345,0.7630475046949082,0.4915986095147709,0.40345378374649715,0.31146455800463296,0.24404867261616758,1.137439243402931,0.5824641131614076,5.411742296204855,-5.411742296204855
100.0,102.5,neutral,81.18970571045273,38.96832079935393,8.494689937958725,0.09045181423425674,5.6,1426.3564489087319,2297.473404255319,2819.3626755201417,0.018411319813829787,0.5189023613929749,0.2323533147573471,0.13838163018226624,0.5137350059296898,30.348557692307693,0.09401709401709402,0.018110010541502918,172.17498846944457,632.8125,0.04650969737054153,1.0104910744894025,0.6336376828016176,0.5108311240024823,0.3876423347288606,0.49159301198203575,0.22293153342675048,0.0008831336313292012,0.8176889078891014,0.1142914722164723,0.09420743221464982,0.15580594061388425,0.3902869816666734,0.46919867593678377,0.8450492589687476,0.47139713709933057,0.5417624237596291,0.03310471918121687,5.296130713962675,-5.296130713962675
101.0,103.5,neutral,95.69354077229224,35.297694309018325,8.099716044659342,0.1189785748720169,7.2,1446.971779043493,2300.565159574468,2796.9675527376153,0.019556183510638297,0.509157657623291,0.269160658121109,0.13418707251548767,0.5323751141677265,38.561698717948715,0.1282051282051282,0.014642404056511509,165.06348625207994,703.125,1.3894306397770553,0.6073750902217269,0.4977722324928421,1.7648050281117988,0.4954633814746345,0.4282877099913866,0.2189128478357103,0.06361303513706329,0.6960128625271761,0.060818698305349354,1.0939097962518902,0.025820987112289837,0.45943473399224105,0.27619196670935187,0.008686262573835327,0.16692118851091928,0.37611998120711504,0.1977335929472673,5.797346736308561,-5.797346736308561
102.0,104.5,neutral,97.46869423737222,38.75573813780614,7.09957860688999,0.10124172270298004,6.8,1518.584102965353,2385.1396276595747,2873.564534535835,0.021353474069148937,0.5023486018180847,0.26561179757118225,0.13566580414772034,0.47913891217760574,43.26923076923077,0.1581196581196581,0.012811965165751362,163.2448563360884,703.125,1.5537934275554106,0.9871447958435887,0.15373905546916405,0.9851318628531971,0.27468695242376057,0.2083814672831329,0.10898235166789948,0.15698016781969876,0.5049969292457505,0.1831759244789839,0.9975213053375142,0.03820900237172609,0.2619485572513232,0.7034280667626249,0.7557048439235957,0.503869078341848,0.3337601123388539,0.1977335929472673,6.047115588579544,-6.047115588579544
103.0,105.5,neutral,85.79391735414359,27.74363957300492,6.089655441139839,0.09196224063634872,8.0,1433.6495009776716,2056.615691489362,2796.4671567816813,0.021000249335106382,0.5175425410270691,0.25812146067619324,0.12651784718036652,0.569504879377967,47.87660256410256,0.20512820512820512,0.011133243542688881,157.03358576720697,539.0625,0.47281709904890673,0.22222721830449949,0.19366027400475375,0.5772261597498634,0.9370162395763818,0.46919759747061507,0.5360001044706917,0.06505413560962335,0.5425376328964354,0.08985580112982526,0.7940807193829141,0.3579031627109328,0.5971721213441612,1.1215740370275304,1.9295911860446477,0.8128887956127997,0.18908603407282315,0.34088913535252907,7.4457228587776845,-7.4457228587776845
104.0,106.5,neutral,74.61217366588303,33.83814780386989,8.0704442153891,0.05977793037891388,7.6,1524.6974000284367,2236.436170212766,2966.771536183284,0.02085480385638298,0.5058966875076294,0.22901980578899384,0.13563987612724304,0.46220924527061036,32.35176282051282,0.11965811965811966,0.017141963784842604,140.5161699750084,703.125,0.5625089169711938,0.44708459824264135,0.48770313594587505,0.8375256130525431,0.7162398105255079,0.18960882992019726,0.30226816509502896,0.4254089041577787,0.557995569693776,0.11941760972598843,0.0036679775393339935,0.03708630313251666,0.19914589541642755,0.2873960801694339,0.20474761781181006,0.29319872055513735,0.19564071041086725,0.1977335929472673,4.073064155798885,-4.073064155798885
105.0,107.5,neutral,57.45812489574876,18.60803967704275,5.379919556601685,0.03141398727893829,2.8,2142.9162909740253,4653.091755319149,3964.9100209663166,0.023389710771276596,0.38601768016815186,0.2462516874074936,0.14678864181041718,-0.20641953805120283,27.64423076923077,0.09401709401709402,0.01941889174801279,84.42320280717614,562.5,2.1508151299318308,1.2255181697626938,0.43779941127168776,2.0843424148849565,1.9330773380849764,1.7088101297472815,2.838917981888716,3.2999681907459686,0.28858581408297945,2.273616845880265,0.4716928665016926,0.5198347166330661,2.281214031493092,0.7146321802227067,0.8450492589687476,0.7123364892946462,1.5021686151635851,0.26394303130970104,16.041674109959988,-16.041674109959988
106.0,108.5,unknown,54.152167340272946,10.129344402771443,2.173861547989638,0.03528430312871933,14.8,2694.6838425023166,6713.297872340426,4784.585883941234,0.028129155585106383,0.39200150966644287,0.19968053698539734,0.13480231165885925,-0.6299274284120452,20.13221153846154,0.05982905982905983,0.026234491882648505,59.74760087739378,328.125,2.4569162140262355,2.1566664627836674,1.5406381619988418,1.9142118088230142,4.6902155334412345,3.403171134388279,5.516788570731239,5.660569349631161,0.21512209784179687,2.1660887538433284,0.7931984545801978,0.0008192463293649038,3.852268144303306,1.3963919143502699,1.6987847805113305,1.9669547641189995,2.07691736024903,1.0334040717379815,27.428007554519855,-27.428007554519855
107.0,109.5,tired,69.91588398271045,20.48482614815871,2.1280450236551145,0.08057738095521927,12.4,2219.5699102549765,5030.285904255319,4152.722132728012,0.022286402925531915,0.5581139922142029,0.16984961926937103,0.1058332771062851,0.030082515734796186,14.122596153846153,0.042735042735042736,0.03655690443036733,81.05709058779183,351.5625,0.9973418932323171,1.0194055000165017,1.556398400373824,0.07677266896039575,3.3655569591359926,1.9441971201828394,3.3291976239956247,3.8408521043801325,0.40584530607423597,0.8189158016810029,1.6034182704301163,1.2535577733620396,1.4038808512966685,1.941799701652321,2.1256525412826224,3.867108406764652,1.5805727318863814,0.9564579676951536,22.27997730382198,-22.27997730382198
108.0,110.5,tired,83.55431469490918,24.436988774213106,4.648015019060492,0.09695892035961151,8.4,1867.0877268019417,3778.523936170213,3502.319998368194,0.022571060505319148,0.6148084402084351,0.16202475130558014,0.09708495438098907,0.36837328769431665,20.432692307692307,0.07692307692307693,0.02510809682242487,104.64453914182343,445.3125,0.2654506128104903,0.5853706203624365,0.6895642526018365,0.7968692541666174,1.1577926686272557,0.8617991705039989,1.7021484997005907,1.9677457931379623,0.37559191548515486,1.8377024873056853,1.8159448558011917,1.632365529883573,0.14895002070478855,1.3691215249851676,1.2719170197400391,1.7596075314011013,1.03116945918102,0.6486735515238413,13.790608553173614,-13.790608553173614
109.0,111.5,tired,81.5968184828313,29.150982860322358,7.6563665751036405,0.07574298977851868,6.0,1965.331200579014,3056.9481382978724,2967.2156495142895,0.04118184840425532,0.5213119387626648,0.14786402881145477,0.15835899114608765,0.0806077215286744,24.53926282051282,0.08974358974358974,0.021708748718904314,100.6506746928283,445.3125,0.0842045736303254,0.06766979439793233,0.34526626602967525,0.13573657647473056,0.16686590567798673,1.1634840203420862,0.7642391367594249,0.4266879151561547,1.6023615115688659,0.15759104438044153,2.2005558181829543,1.0208379616713819,1.2164514452106985,0.9964262036620996,0.9517661991615705,1.1338542347114986,1.1241952984952293,0.6486735515238413,9.745660462824944,-9.745660462824944
110.0,112.5,tired,70.71546521601927,28.48581711467821,6.943045035794679,0.05466816574335098,4.8,1749.1315420309586,2688.530585106383,2680.224541416494,0.036781083776595745,0.47777146100997925,0.14764675498008728,0.17490345239639282,0.08801752517220218,21.634615384615383,0.0641025641025641,0.025299790299484908,97.40294360505195,375.0,0.9233080684689067,0.14071970698437133,0.0998937140779932,1.0621396724790824,0.8291951928306079,0.499580770421198,0.28536737633030723,0.3998236035636939,1.1346485096150405,0.6248217065945137,2.206457063505521,1.7372233129986543,1.1889638759015133,1.2600399675247576,1.592067840318508,1.7948945398425085,1.199842059712491,0.8795118636523255,12.726528314070235,-12.726528314070235
111.0,113.5,tired,61.84611456879445,25.531100749592106,5.514208891620323,0.04040626063942909,5.2,1629.7054611626397,2528.557180851064,2442.017970248934,0.03452875664893617,0.3685482144355774,0.2208571881055832,0.1923023760318756,-0.004831844517612788,20.03205128205128,0.05982905982905983,0.027929696279536703,44.31447372615747,304.6875,1.7445278823264931,0.4652129233003116,0.3916057734553682,1.6890617773159295,0.608418763779734,0.13284863149800782,0.07743280574874131,1.0858395439518487,0.8952713169247916,2.5875392796101804,0.21803202710897185,2.490607411322908,1.5333999240675409,1.4054820441386378,1.6987847805113305,2.279008636688536,2.4363886504796963,1.1103501757808096,16.556901828039905,-16.556901828039905
112.0,114.5,tired,66.48361523561051,17.352333585603333,3.4295337084170825,0.05897241085767746,4.8,1041.9532138247196,1516.8550531914893,2211.0136200009115,0.01328125,0.5269662737846375,0.2684551477432251,0.09581175446510315,0.8158631959821617,17.127403846153847,0.05128205128205128,0.032816034787813704,79.83858055262642,398.4375,1.3151382250849275,1.36342247529045,1.1087046433261174,0.8729344865558337,0.8291951928306079,1.6720137340418415,1.2375848276548782,1.7511136620939487,1.3629124214981645,0.25919819358547724,1.0747478484402004,1.687495869593787,1.5110683091961712,1.6690958080012954,1.9122186608969767,3.1784876947847107,1.608954496010241,0.8025657596094974,17.95996040578691,-17.95996040578691
113.0,115.5,tired,81.03706747436493,21.75348809403802,5.271049518008618,0.08398261666297913,7.2,1363.2543606810157,2066.3896276595747,2619.909628474265,0.01964552859042553,0.567785918712616,0.22760139405727386,0.09902036935091019,0.6804959223972729,20.93349358974359,0.08547008547008547,0.0255599816253351,89.69667490489205,398.4375,0.0323768088634453,0.8800783550829068,0.47524916952031454,0.22645937082937298,0.4954633814746345,0.6853661276868581,0.5232958726022416,0.5735257458626459,0.6865172727802383,0.9927181807415816,0.034856659986520974,1.5485608708974474,1.0089069168210636,1.3236708760433298,1.0584831393543934,1.8427906584401226,1.3793379146590863,0.8025657596094974,10.975082528310836,-10.975082528310836
114.0,116.5,tired,80.20744724143334,20.6832902151029,4.849327891675547,0.07290031015872955,8.4,1436.260124277392,2150.565159574468,2778.854603074086,0.019913563829787234,0.5914484262466431,0.1917131245136261,0.10069578140974045,0.6566163315486739,22.536057692307693,0.09401709401709402,0.022494690094612857,86.79933425470357,398.4375,0.04443834935490103,0.9976097553667489,0.6203154628595084,0.2606945451071915,1.1577926686272557,0.4611809275801846,0.4138839165106949,0.11577688660314599,0.6580305035394244,1.417928205303653,1.0095966065623199,1.4760144979316352,0.9203226654557548,1.1782287994294498,0.8450492589687476,1.2785306232064106,1.4468233161305295,0.8025657596094974,11.221745225552521,-11.221745225552521
115.0,117.5,tired,72.74899479952447,24.62785469409638,6.476288365158032,0.05478624254465103,8.0,1314.301317415684,1802.2938829787233,2756.070063465366,0.015394365026595745,0.5604135990142822,0.21519231796264648,0.09401636570692062,0.7199227898883638,20.833333333333332,0.06837606837606838,0.024733294411124672,82.68427324459789,445.3125,0.7350220425282633,0.5644093203338229,0.060663999524117176,1.0569492749645826,0.9370162395763818,0.8356905303044858,0.866569403088518,0.18139454479525494,1.138330682599656,0.8602392270423569,0.37189219620320224,1.765237307458734,1.1551656849264826,1.3327610058316977,1.4853509001256848,1.6906137604379523,1.5426720884619423,0.6486735515238413,12.420486304220427,-12.420486304220427
116.0,118.5,tired,65.47246384886385,26.753949462747634,6.376775056067709,0.04253362864255905,7.2,1194.5352711149917,1653.1914893617022,2623.245100618812,0.012770113031914894,0.49102887511253357,0.24417492747306824,0.10055720806121826,0.6651038995787454,22.93669871794872,0.06837606837606838,0.023616909403052205,91.19662527205581,445.3125,1.4087614886849247,0.3309170847256054,0.09489517475023491,1.5955473403198484,0.4954633814746345,1.2034666308922284,1.06037375659191,0.5639198519166287,1.4172360279573906,0.3865889086515948,0.41528722495716097,1.4820148091816514,0.951808333054625,1.1418682802759796,1.4853509001256848,1.4851091819416504,1.3444007895720864,0.6486735515238413,12.10601407852916,-12.10601407852916
117.0,119.5,tired,66.63066783203134,18.24460817050741,3.617347356868186,0.05899886414408684,6.4,1285.6740868247641,1947.7061170212767,2639.0248265984906,0.016373005319148936,0.5459379553794861,0.2023329883813858,0.10166919976472855,0.6505431884635496,20.93349358974359,0.06837606837606838,0.026028430195213226,88.59482278285145,398.4375,1.301522515134643,1.2654309884209287,1.044099396362107,0.8717716580364476,0.053910523372887174,0.9235986775845701,0.6775615452905608,0.5184754987069019,1.034320850720406,0.6001151139638004,0.7211567996077773,1.4338648842526946,0.8977936013255918,1.3236708760433298,1.4853509001256848,1.929022850026263,1.4050024608053029,0.8025657596094974,13.276529324702798,-13.276529324702798
118.0,120.5,tired,68.34217975417275,26.438662315993657,7.641297059638038,0.0595213957130909,6.8,1369.801051922333,2101.595744680851,2746.9146459927574,0.01866273271276596,0.5322762131690979,0.2117076814174652,0.10296133160591125,0.5856669703998402,27.84455128205128,0.0811965811965812,0.01915695030395215,95.39059358708215,445.3125,1.143052345443495,0.3655425877086278,0.3400825651841179,0.8488023149720598,0.27468695242376057,0.665262628816747,0.4775347108720095,0.20776141744840088,0.790968759996555,0.35461662938915217,0.466536337118246,1.3779147805290237,0.6571273669238656,0.6964519206459718,1.1652000795472162,0.6641182082686972,1.2467140935049008,0.6486735515238413,8.704558247217248,-8.704558247217248
119.0,121.5,tired,57.88433397950332,11.208021625519986,2.4447624044202074,0.041664060205221176,4.4,1113.0680022957108,1547.872340425532,2519.8760079967337,0.01298828125,0.4891853630542755,0.21879391372203827,0.1013219803571701,0.6585623929554932,19.130608974358974,0.021367521367521368,0.02739102003629604,58.574203111238056,445.3125,2.1113521119109064,2.0382038429828593,1.4474520869888818,1.6337716638631061,1.0499716218814814,1.4536353170711536,1.19726833672541,0.8616146003638646,1.3940491227613794,0.4197164124229153,0.2740713956258015,1.4488996982311078,0.927541817321756,1.4872932122339453,2.659237242246737,2.179848908178497,2.104248360947744,0.6486735515238413,18.200024578853792,-18.200024578853792
120.0,122.5,tired,60.74323932094499,22.544776493630835,4.299269299233182,0.05049412325024605,2.8,1088.8138225422988,1459.3085106382978,2509.591545612643,0.012377410239361702,0.4773460924625397,0.23915790021419525,0.11448264122009277,0.6651356444269654,21.233974358974358,0.06837606837606838,0.024250624479600334,75.21229749752543,421.875,1.8466439268680925,0.7931773852126961,0.8095278630364139,1.2456214364080958,1.9330773380849764,1.5281147536743178,1.312384233655853,0.891233032379519,1.4589724573102107,0.6324654852703205,0.27902273116941956,0.8790349856034886,0.9519260944363883,1.2964004866782275,1.4853509001256848,1.601763695170586,1.7167107480318025,0.7256196555666694,14.862609991973027,-14.862609991973027
121.0,123.5,tired,72.97925319418229,32.54969972308353,7.352449999628724,0.06560026854276657,4.4,1409.0061646839115,2038.962765957447,2825.5614452176214,0.01769032579787234,0.49681034684181213,0.24048219621181488,0.1268443912267685,0.5302317302402089,24.439102564102566,0.09401709401709402,0.020713642778561827,103.42376933679118,421.875,0.7137022454516632,0.30558449801955856,0.24072324917792065,0.5815883823560161,1.0499716218814814,0.5448720511871279,0.5589455028453407,0.01873509633085898,0.894316108870205,0.2826971409479258,0.3149911472113343,0.3437636045913721,0.4514835901970479,1.0055163334504669,0.8450492589687476,0.9506747533045121,1.059603858288166,0.7256196555666694,7.977722652415619,-7.977722652415619
122.0,124.5,tired,79.09263557147283,32.48247919972237,5.055738561463926,0.08188600093126297,6.8,1475.7918216311948,2098.3045212765956,2865.722496021756,0.020140043218085105,0.5582778453826904,0.2047533094882965,0.1110449731349945,0.5930680434401032,22.93669871794872,0.09829059829059829,0.022596952320915516,120.43545351627712,421.875,0.14765959615245527,0.298202197611422,0.5493131027666173,0.13429673631569308,0.27468695242376057,0.33978747800521636,0.48181266650118165,0.13439572189351257,0.6339602876692795,0.8218602068627857,0.6554198973707622,1.0278881287570165,0.6845825489966414,1.1418682802759796,0.7383323187759248,1.2973550928655886,0.6633645218872767,0.7256196555666694,7.996590010542344,-7.996590010542344
123.0,125.5,tired,72.03416712571274,15.853433590787757,3.4647728262504303,0.06371105462312698,7.2,1172.050061832415,1609.8071808510638,2512.6699771242384,0.014972573138297873,0.5683790445327759,0.19977319240570068,0.09464985877275467,0.7713372855152827,25.240384615384617,0.11538461538461539,0.02115441360056291,114.80146459518949,398.4375,0.8012084717920106,1.528034850948876,1.0965828836500096,0.6646340875656114,0.4954633814746345,1.2725139347506476,1.1167649898855394,0.8823673949707928,1.1831586993119443,1.0033765204883698,0.7906818958108596,1.737806667943498,1.345894019985154,0.9327952951435269,0.31146455800463296,1.0318120144947136,0.7945924478132556,0.8025657596094974,11.958260384852807,-11.958260384852807
124.0,126.5,tired,60.61256824929063,13.287671092938949,2.44334202944247,0.04573724791407585,5.2,944.6226685683113,1262.3337765957447,2252.5706828201,0.011101645611702128,0.5293303728103638,0.21390889585018158,0.08944346755743027,0.8236834692368741,23.838141025641026,0.09829059829059829,0.0218039747803811,55.91282916392539,398.4375,1.858742859181039,1.8098123288373567,1.4479406759544602,1.4547232553073277,0.608418763779734,1.970895174217376,1.5684133963108362,1.6314326331872293,1.5945606457897428,0.3016805299714544,0.406750460957839,1.9632466108650963,1.5400785655331841,1.0600571121806721,0.7383323187759248,1.1513834844632829,2.1662375817486708,0.8025657596094974,16.258824266056024,-16.258824266056024
125.0,127.5,tired,54.606785218809925,13.478327087457425,3.801992801166732,0.03395626321434975,6.4,980.9280720909762,1376.9281914893618,2338.2032506228916,0.010902177526595745,0.43280932307243347,0.24012812972068787,0.10185351967811584,0.6291063561442324,19.23076923076923,0.07692307692307693,0.02694556677484406,39.047629016318794,257.8125,2.414822804436517,1.788874083257425,0.9805839669560669,1.972589534123891,0.053910523372887174,1.8594089880214386,1.4194627594042155,1.3848176626549444,1.615760101968953,1.4327813765193753,0.3053745578066631,1.4258837185978666,0.818271060311796,1.4782030824455779,1.2719170197400391,2.097849701746526,2.55906498462359,1.2642423838664658,18.304357993033722,-18.304357993033722
126.0,128.5,tired,60.78055762197855,34.113323759073275,4.049337487541671,0.05357154831290245,4.8,1289.0545122563049,1899.2353723404256,2621.882288111161,0.017835771276595743,0.4704710841178894,0.17020665109157562,0.14426836371421814,0.4165276054546585,16.72676282051282,0.03418803418803419,0.032178709226347184,101.44398511383694,398.4375,1.8431885974480233,0.47730500511887164,0.8955008823119343,1.1103445723636367,0.8291951928306079,0.9132181087844753,0.7405641645565465,0.5678446433253065,0.8788581720728644,0.7560078639843854,1.5937211414315084,0.41070512443466967,0.029684287389202698,1.7054563271547654,2.3390864216682683,3.0611685621135973,1.105717363479281,0.8025657596094974,14.912317304513893,-14.912317304513893
127.0,129.5,unknown,72.72001861014843,31.388466307147635,3.745664210222335,0.0888894721865654,4.4,1292.7998439319233,1802.1941489361702,2605.611808730416,0.020040309175531915,0.5525557398796082,0.19843299686908722,0.11443047225475311,0.6447648204663022,25.140224358974358,0.08974358974358974,0.021199524602935407,176.27703537845318,632.8125,0.7377049695870935,0.1780553820329541,0.9999602080285834,0.4421539902060708,1.0499716218814814,0.9017169903822829,0.8666990381075838,0.6147023272180662,0.6445600157588846,0.7190352371078456,0.8270821497760429,0.8812939339003117,0.8763580412946522,0.9418854249318946,0.9517661991615705,1.0401160650337944,0.637308069209062,0.03310471918121687,9.21829709710546,-9.21829709710546
128.0,130.5,neutral,85.36154887003937,28.323207233381353,4.724999583206236,0.11368748545646667,6.4,1541.658376417772,2303.8563829787236,2733.6490738769817,0.028033577127659574,0.5450384616851807,0.2313927859067917,0.11252528429031372,0.518741373374005,33.854166666666664,0.15384615384615385,0.015486358047256656,184.58586265911958,679.6875,0.43278377754018377,0.15857786894206988,0.6630826479896599,1.5322203285849074,0.053910523372887174,0.13752527242369827,0.2146348922065381,0.24596520790298643,0.20496402508925862,0.5839514113089134,0.06811907932440514,0.9637897449515316,0.4088587115981493,0.1510441333439212,0.6489879037307732,0.011565815692176516,0.8308388315500983,0.12078748890443924,5.322582181856948,-5.322582181856948
129.0,131.5,neutral,84.84483797059681,20.41601612763139,5.436294153798996,0.09570806473493576,6.4,1493.814502771136,2250.997340425532,2739.7053198264975,0.025099734042553192,0.5045157670974731,0.2865537106990814,0.11515931785106659,0.5321004308625927,36.7588141025641,0.17094017094017094,0.014408954577780525,178.264662254573,679.6875,0.3849411286771382,1.0269623623737538,0.4184073446968398,0.7418843811531876,0.053910523372887174,0.28444365063078386,0.2833414523114197,0.22852370223874266,0.10684464287995839,0.14423244393899093,1.5663121537972597,0.8497344711484657,0.45841576280876895,0.11256963051873684,1.0758556645020647,0.20989465768140284,0.6836042469476552,0.12078748890443924,6.103250302548344,-6.103250302548344
130.0,132.5,neutral,82.57723231123526,26.332954616966614,8.266810255560765,0.08555583655834198,6.0,1425.6130672414465,2159.1422872340427,2628.8018351260184,0.023273354388297873,0.5365313291549683,0.23688167333602905,0.11783962696790695,0.5680988680512303,36.65865384615385,0.1581196581196581,0.014492978991400627,137.7447366568247,421.875,0.17498182370073878,0.377151631355578,0.5552502850761893,0.2956146709793414,0.16686590567798673,0.49387577925445797,0.4027353048710346,0.5479168993962006,0.3009521635208521,0.43108012212188845,0.21719948658751873,0.7336754372951901,0.5919563510414041,0.1034795007303694,0.7557048439235957,0.19442741154361065,0.2601934547065006,0.7256196555666694,5.0033503453540655,-5.0033503453540655
131.0,133.5,neutral,77.79630794911716,21.58017691947992,7.069499047023336,0.08559972047805786,3.2,1271.7917327203536,1883.1781914893618,2566.0909878619627,0.018176529255319148,0.5628067255020142,0.2286100685596466,0.10611534863710403,0.7131919178816637,39.96394230769231,0.15384615384615385,0.013309389760195356,147.72305265517224,632.8125,0.2676875408208131,0.8991117557572932,0.1433921109857345,0.29754371195362234,1.7123009090341026,0.9662284396682237,0.7614354026261425,0.7285191415909694,0.8426424344333802,0.9032431804976422,0.007460651679143483,1.241343902529502,1.1301966952344242,0.40345378374649715,0.6489879037307732,0.41230296909123787,0.02777664824171702,0.03310471918121687,7.18915083620857,-7.18915083620857
132.0,134.5,neutral,83.43465853148363,25.157298240269316,4.818394876208442,0.09637989848852158,5.2,1438.9781093188462,2312.034574468085,2622.691349161603,0.02244847074468085,0.5472355484962463,0.24005566537380219,0.11052243411540985,0.5829731639299613,39.86378205128205,0.14102564102564102,0.012795474905012134,155.93939816574337,656.25,0.2543715590935211,0.5062647074750632,0.630955984036084,0.7714167211757443,0.608418763779734,0.4528345725749255,0.20400482064314185,0.5655146119805378,0.38862074792862783,0.6234325751523822,0.303406396774934,1.0505143898037737,0.6471343636529893,0.3943636539581297,0.3288370831523043,0.5069046118343304,0.16360001137644367,0.04384138486161119,5.7504868396159905,-5.7504868396159905
133.0,135.5,neutral,78.46579202402697,29.14722140378133,7.188297270547872,0.0796767845749855,4.0,1700.3098065538077,2855.186170212766,2646.569468085954,0.03336103723404255,0.49469608068466187,0.24951960146427155,0.1283034384250641,0.2967468259438155,43.068910256410255,0.14102564102564102,0.012443133079441795,163.85638486731912,656.25,0.20569950931254533,0.06808288553096067,0.18425702486704099,0.03718442502029713,1.2707480509323552,0.34965958614303727,0.5019874931892824,0.49674753251543563,0.7711661672089983,0.3206900359663356,0.5604507367925396,0.2805859632079284,0.41465710640581266,0.6852478071858901,0.3288370831523043,0.5717638296013875,0.34800394950679725,0.04384138486161119,4.944018697005564,-4.944018697005564
134.0,136.5,neutral,81.19822883015657,42.481654241745765,9.837864044296857,0.07140116393566132,5.2,1815.827540592912,3105.0199468085107,2692.690248438491,0.03645487034574468,0.48173972964286804,0.24386750161647797,0.13268648087978363,0.1898666271473563,28.846153846153847,0.0811965811965812,0.018618774596959466,165.35368882974083,656.25,0.04729885940224698,1.396332802711887,1.0956706371224558,0.326593728896158,0.608418763779734,0.7043900217371876,0.8267232159491472,0.3639233608315865,1.0999785656552907,0.5535127973238835,0.4069374140902879,0.09079752819625993,0.8111422244376914,0.6055506227622965,1.1652000795472162,0.565050618662279,0.3828794340385309,0.04384138486161119,7.611481376362287,-7.611481376362287
135.0,137.5,neutral,76.35862927643804,28.41647182307759,5.8619021795404995,0.0743369534611702,5.2,1283.3932621411632,1940.724734042553,2457.1550685803345,0.02030003324468085,0.5450328588485718,0.22292855381965637,0.12387696653604507,0.6329336053377301,39.26282051282051,0.10256410256410256,0.013656778201906382,164.52169497516812,1664.0625,0.40080328501951545,0.14833535394586775,0.2720041847579431,0.19754285278397068,0.608418763779734,0.9306026059446414,0.6866359966251679,1.042245907153059,0.6169565571922047,0.5838507295747964,0.16177289477552098,0.47225491944527265,0.8324687074467079,0.3398228752279245,0.6316153785831019,0.34835557211609197,0.3635004772375899,3.3525238587032176,8.425399848781618,-8.425399848781618
136.0,138.5,neutral,88.87734375883906,39.15090523536113,8.307590029019513,0.09244664013385773,6.8,1707.8135764761587,2643.251329787234,2661.0238112132033,0.03565492021276596,0.5172334909439087,0.20764973759651184,0.15583652257919312,0.2775664118419726,46.57451923076923,0.14102564102564102,0.011284898275481077,194.64498029098644,1664.0625,0.7583138573600564,1.0305428843989064,0.5692779521662343,0.5985193004871935,0.27468695242376057,0.3727020704446493,0.22651307767442766,0.4551201762904145,1.014959913269916,0.08430223951922365,0.5767517360087672,0.9116135207441557,0.4858091891555074,1.0034023497787532,0.3288370831523043,0.7849721345020958,1.0651376848074277,3.3525238587032176,10.41512407063703,-10.41512407063703
137.0,139.5,neutral,85.96698034311814,43.3973540233924,11.761480231837506,0.0789920762181282,8.0,1810.6229483505958,2899.468085106383,2739.0766674801826,0.038565907579787236,0.505732536315918,0.18239276111125946,0.16929300129413605,0.14365574646385806,38.76201923076923,0.14957264957264957,0.013983338522072146,150.89750750583872,726.5625,0.48884113071077223,1.496896894357842,1.7573674833577069,0.007086145642297675,0.9370162395763818,0.6884078239511593,0.5595454416545043,0.23033417089382915,1.3243394768852654,0.12236737031916044,1.2627414541800264,1.4942873283699276,0.9825671159374331,0.29437222628608734,0.54227096353795,0.2882422237066995,0.04616334912664929,0.27467969699009537,8.308698720949575,-8.308698720949575
138.0,140.5,neutral,83.88309713532217,45.76047215588654,16.20499992648798,0.0740770697593689,6.4,1770.173512630225,2851.994680851064,2720.6176198196454,0.03563206449468085,0.4890091121196747,0.186077281832695,0.17859721183776855,0.13401939049498252,38.66185897435897,0.13247863247863248,0.013924580170919739,159.5126209935268,726.5625,0.2958928250146142,1.7564195383613368,3.2858756063287347,0.20896677098836675,0.053910523372887174,0.5641961946980485,0.49783917257917676,0.2834947570079947,1.012530808916048,0.42288360271848885,1.1626683780234415,1.8971653694424429,1.018314352345487,0.2852820964977193,0.11540320276665854,0.2990584834194322,0.24682818720872055,0.27467969699009537,9.392601864652878,-9.392601864652878
139.0,141.5,neutral,87.14739192993024,43.99341962437671,12.768790148957253,0.07982044667005539,6.8,1606.8377629614583,2451.363031914894,2685.6701120143052,0.02965009973404255,0.5268579125404358,0.2035493552684784,0.1417533904314041,0.38018323071977544,38.361378205128204,0.14102564102564102,0.01308171157071774,145.61457116089295,726.5625,0.5981363229017004,1.5623580825396242,2.103867892148607,0.04349949599925889,0.27468695242376057,0.06262678537700743,0.022904699008198897,0.38414079424278846,0.37676795120827467,0.2572509660043637,0.6881197819522114,0.3018052339196977,0.10513959831480031,0.258011707132617,0.3288370831523043,0.454214057132615,0.07688779439820691,0.27467969699009537,5.883938386385999,-5.883938386385999
140.0,142.5,neutral,86.54157042320342,34.16526995866403,7.374649585761568,0.09140701591968536,7.2,1719.9867845398567,2684.840425531915,2753.3212110494314,0.03170711436170213,0.4929666519165039,0.2381485551595688,0.14735087752342224,0.2862227105930968,48.77804487179487,0.1794871794871795,0.010291860375233278,139.65308943959587,726.5625,0.5420428562237554,0.48300984690327137,0.24835959380164271,0.5528196975351963,0.4954633814746345,0.4100834079071036,0.28057088062487223,0.18931102067525488,0.5953873430563804,0.3517674882578699,0.2516085103910513,0.5441798689288198,0.4536975943914044,1.203385205122838,1.2892895448877104,0.9677709302989215,0.215743744008492,0.27467969699009537,6.847450463588602,-6.847450463588602
141.0,143.5,neutral,80.98792950887133,41.44749968558265,8.762834063762757,0.0674114003777504,5.6,1843.357102319578,3023.4375,2679.833747013888,0.03610995678191489,0.4298992156982422,0.25681746006011963,0.15700991451740265,0.08381857707773507,30.74919871794872,0.09829059829059829,0.016515452225687555,130.99617545600003,562.5,0.027827087865705653,1.2827597565601716,0.7258754813449337,0.5019749945335963,0.3876423347288606,0.7889274609818878,0.7206817703533112,0.40094906029768784,1.0633211726787393,1.4850753621115078,0.7586635341296515,0.9624221136128609,1.2045403853914984,0.4328381567833138,0.7383323187759248,0.17787023355805867,0.41738220707589474,0.26394303130970104,8.057904152401314,-8.057904152401314
142.0,144.5,neutral,71.28429640895972,35.950844897252985,8.017111511405654,0.06352987885475159,7.2,1613.2933045646078,2526.961436170213,2522.706246404015,0.031231299867021278,0.4271082580089569,0.2631143033504486,0.14920669794082642,0.2260616423283212,24.338942307692307,0.07264957264957266,0.0215207703142679,117.20129219425996,515.625,0.8706395626263611,0.6791054727448348,0.4693574377470241,0.6725981774419423,0.4954633814746345,0.08245038306033942,0.07535864544368823,0.8534637393150819,0.5448178069622228,1.5352282542302378,0.9296883500502574,0.624538034819407,0.6768724061945582,1.0146064632388347,1.378633959932862,1.0992510982201622,0.7386952135771001,0.41783523939535716,9.314951708679345,-9.314951708679345
143.0,145.5,neutral,78.51391070618631,43.234006456281044,7.428225955949943,0.06367508322000504,8.0,1593.278686318288,2461.436170212766,2610.9407669431494,0.029787234042553193,0.45875731110572815,0.22650180757045746,0.1653350442647934,0.24871031827819257,32.35176282051282,0.1111111111111111,0.016087827107643445,131.8981864366457,445.3125,0.2012441645215114,1.4789577181798255,0.26678910973938524,0.6662153116443599,0.9370162395763818,0.02098973974158935,0.009811562082552114,0.599355352272418,0.39134257733148203,0.966501773095798,0.06472187463866085,1.3229053538162636,0.5928543836013217,0.2873960801694339,0.41818149819745615,0.09915283857098647,0.3963723982511843,0.6486735515238413,6.389986984091683,-6.389986984091683
144.0,146.5,neutral,93.62659286892173,40.13267767548449,11.26316678613049,0.08763041347265244,8.0,1842.9540231484496,2804.222074468085,2824.633100259616,0.03795295877659575,0.4822654724121094,0.23295064270496368,0.16116009652614594,0.17402826172284985,35.55689102564103,0.14102564102564102,0.015132756654069568,144.04627506220768,679.6875,1.1980503865912857,1.1383632154974868,1.5859546840702785,0.38680852736026694,0.9370162395763818,0.787689690425335,0.4357439984466513,0.01606153683899007,1.259195314667901,0.5440653160921938,0.11043110137317214,1.1421275480434225,0.8698965704763469,0.003488073058327044,0.3288370831523043,0.07665689514699889,0.11341684107381544,0.12078748890443924,6.943907939958109,-6.943907939958109
145.0,147.5,neutral,99.36390572220608,38.889305542509476,7.5895344160832146,0.08880621194839478,9.2,1669.5842690604006,2540.126329787234,2754.874490575947,0.03289353390957447,0.5509374737739563,0.21210229396820068,0.13073202967643738,0.4097653560499593,34.95592948717949,0.13675213675213677,0.014325898827182316,148.90275852907084,679.6875,1.7292724772289074,1.00181345144089,0.32227694563544035,0.43849405253415413,1.5993455267290024,0.25530798385822173,0.09247046796037578,0.18483769943207706,0.7214799417889743,0.6899553532644833,0.45581850030100335,0.17542646780197776,0.004598899416739533,0.051052705671878175,0.22212014295948176,0.2251835919603115,0.0002987179151303382,0.12078748890443924,5.017867009303559,-5.017867009303559
146.0,148.5,neutral,92.8372443329748,30.886104008768623,4.3646930329773905,0.08988120406866074,7.2,1326.427968040856,2002.4601063829787,2610.807977691656,0.020482878989361703,0.6100190877914429,0.1868988573551178,0.11176125705242157,0.7145480455037535,35.15625,0.14102564102564102,0.014346572870045758,141.36518644650857,679.6875,1.1249640149343119,0.12288488922928248,0.7870230210789209,0.4857483511576133,0.4954633814746345,0.7984521608511068,0.6063919198234289,0.599737774733688,0.5975237223612617,1.751638884116667,1.1403540538440489,0.9968725944296841,1.1352274158577507,0.032872446095143316,0.3288370831523043,0.2213779062571313,0.17586525962591062,0.12078748890443924,7.0167240899535015,-7.0167240899535015
147.0,149.5,neutral,70.47740463640103,20.191820830080093,4.140056285071345,0.05091286450624466,4.4,1290.1316477552484,1916.3896276595744,2784.0427744876724,0.015377742686170212,0.5965457558631897,0.1774185746908188,0.10969056934118271,0.7218394855748317,33.75400641025641,0.13675213675213677,0.015607926214031226,138.42301870202454,445.3125,0.9453502756898026,1.0515839653285977,0.8642948950633108,1.2272144881301632,1.0499716218814814,0.9099104543545085,0.7182669412772266,0.10083536641862118,1.1400973039479236,1.5095260906222718,1.3978423734322503,1.0865346463431338,1.1622759010753845,0.16013426313228862,0.22212014295948176,0.01081249885963853,0.2443947821796079,0.6486735515238413,9.186024711489361,-9.186024711489361
148.0,150.5,unknown,59.994541353145955,18.368242018360384,3.7438087465732166,0.030836835503578186,2.0,1373.3368648659252,2023.1050531914893,2935.541638420527,0.015174119015957447,0.4919324815273285,0.20628134906291962,0.14059121906757355,0.48738526316067865,23.73798076923077,0.0811965811965812,0.022243038609094108,82.31557524874019,375.0,1.9159664319991596,1.2518532570997845,1.0005984613625272,2.1097127425643616,2.3746301961867236,0.6544048979575587,0.5795574708768053,0.3354692875597404,1.1617384154642008,0.37035130131953686,0.6139177231987153,0.25148249882520207,0.29253940082827473,1.0691472419690395,1.1652000795472162,1.2322065216773244,1.5512598712863592,0.8795118636523255,13.559158386322782,-13.559158386322782
149.0,151.5,stressed,71.46420881218052,30.04459157743137,4.57106970903013,0.07859581708908081,2.0,1380.3475008447294,2063.896276595745,2923.6302474612667,0.015934591090425533,0.5363597869873047,0.22227510809898376,0.14199677109718323,0.583723442400665,33.95432692307692,0.08547008547008547,0.015510519943582983,149.14871772025086,468.75,0.853981338573636,0.030468209699193304,0.7160323543517902,0.010332537586417246,2.3746301961867236,0.6328767232990133,0.5265367480788871,0.30116543091046316,1.0809154887809616,0.42799754732626427,0.17952074539517673,0.31234376649096657,0.6499176130421508,0.14195400355555376,1.0584831393543934,0.007118084591965489,0.005430209665855103,0.5717274474810132,6.233937108457216,-6.233937108457216
150.0,152.5,stressed,92.26357916007521,32.461109272802275,7.987288463285302,0.1187194362282753,5.6,1616.7451309204378,2575.93085106383,2956.5641936687157,0.02377202460106383,0.5377989411354065,0.21667228639125824,0.14842547476291656,0.42297864560502096,44.270833333333336,0.1581196581196581,0.01176570838843249,151.18226874596363,468.75,1.0718479272698116,0.2958553069248312,0.4590987296876016,1.7534138610275094,0.3876423347288606,0.09305020893975328,0.13900943980500283,0.3960125712200538,0.24795352307282653,0.4538588289247167,0.33169565384040034,0.5907105905584683,0.053615206719880286,0.7943293646463004,0.7557048439235957,0.6964644253476696,0.05279606130430961,0.5717274474810132,6.597274070392204,-6.597274070392204
151.0,153.5,stressed,91.33907843268098,26.20492700843942,7.027275676580648,0.10874620825052261,6.0,1546.746954487767,2436.7021276595747,2689.855980101507,0.026153174867021275,0.5213663578033447,0.24339964985847473,0.1378931850194931,0.4522160792272594,59.294871794871796,0.2094017094017094,0.009062775766798833,186.0930334892469,984.375,0.9862477130647898,0.3912118947903787,0.12886786688739932,1.315012607459283,0.16686590567798673,0.12189932952982938,0.04196104681087354,0.3720858277567352,0.005114985066495439,0.15856894250010964,0.3942303707192824,0.1346559645437428,0.1620750285689997,2.157848832901427,2.0363081262374707,1.194021294255992,0.8659441370137734,1.121086841461204,9.571184594013264,-9.571184594013264
152.0,154.5,stressed,86.7767456535545,26.302604944877814,6.455704807364917,0.10081169754266739,6.0,1387.5623278506014,2040.9574468085107,2468.397069503943,0.02402135970744681,0.5133481025695801,0.2723977863788605,0.12132672220468521,0.5795078816306894,47.576121794871796,0.18803418803418803,0.011669035113528943,197.19960063873827,984.375,0.5638179067967367,0.38048469669700946,0.06774445318437597,0.9662288988612493,0.16686590567798673,0.6107215213482633,0.5563528024640245,1.009869840457448,0.22145420284881373,0.014482670155930303,1.181831511763475,0.5826820680632381,0.6342794768085411,1.0943036476624282,1.5027234252733561,0.7142600786995652,1.1246403807586045,1.121086841461204,9.155382535032224,-9.155382535032224
153.0,155.5,stressed,89.17214889151015,44.46820726373074,10.835932928204825,0.08578113466501236,6.0,2100.5867014998425,3459.873670212766,2838.0972694334623,0.0485102227393617,0.5152277946472168,0.2015410214662552,0.15119142830371857,0.025960723976848482,41.26602564102564,0.15384615384615385,0.012878353450003108,171.14588368905174,843.75,0.7856100852132378,1.6145002678205966,1.438992260783664,0.3055182821883874,0.16686590567798673,1.578824947492794,1.287964613785314,0.05483727099304074,2.3812206984863087,0.048260320869899856,0.7426669420125357,0.710478080663098,1.4191711399568245,0.521625470995275,0.6489879037307732,0.49164829763125456,0.517792322330074,0.6594102172042356,9.853443942218949,-9.853443942218949
154.0,156.5,stressed,80.42239782669358,41.77395771115621,7.68971590840284,0.07069244980812073,3.2,2076.981236805948,3246.24335106383,3146.5710410447246,0.042964594414893614,0.48532047867774963,0.2209053635597229,0.15145091712474823,0.048276838183782006,45.77323717948718,0.16666666666666666,0.011628088321069985,168.6600857295697,820.3125,0.024535913806112954,1.3186120691415955,0.3567379664713009,0.3577472493639933,1.7123009090341026,1.5063375771083212,1.01028640294634,0.9432171485075196,1.7918316511705572,0.4891675294826316,0.21672356224868392,0.7217141062674619,1.3363867956630897,0.9306813114718132,0.9691387243092415,0.7217975798879612,0.45989265034582616,0.5824641131614076,10.182398058664718,-10.182398058664718
155.0,157.5,stressed,78.91276821808798,44.528552087921156,8.606438260430922,0.0776650682091713,4.0,2032.1114101212056,3159.175531914894,3135.3186263287466,0.04315575132978723,0.43728435039520264,0.26476943492889404,0.15766222774982452,0.01753181479271465,36.15785256410256,0.11965811965811966,0.015681787589177546,186.16752942595073,679.6875,0.16431364900715678,1.6211274643667521,0.6720775301219241,0.05124621935723146,1.2707480509323552,1.368551865699503,0.8971150313018845,0.9108110909198424,1.8121477966756336,1.3523661257225474,0.9746423945574098,0.9906676779206957,1.4504392054206212,0.05802885178853162,0.20474761781181006,0.024408928995160752,0.8676793103342191,0.12078748890443924,9.044199334342908,-9.044199334342908
156.0,158.5,stressed,84.97872418587292,35.242872681555085,7.0807886253940815,0.09588737040758133,4.0,1616.6543250308687,2606.5492021276596,3026.6583502764443,0.022132646276595745,0.49538177251815796,0.2650053799152374,0.1428000032901764,0.40615725098931454,28.44551282051282,0.09829059829059829,0.019268340586526635,188.03848025080015,679.6875,0.39733775354409434,0.6013544628513895,0.14727556676638007,0.7497662657180508,1.2707480509323552,0.09277136333193993,0.17880739065820778,0.5978781558900119,0.42218655354571055,0.30836830544206156,0.9810507560166734,0.3471242146463375,0.008785805860292012,0.6419111419157666,0.7383323187759248,0.6846229740112764,0.9112578476180819,0.12078748890443924,6.628402030504878,-6.628402030504878
157.0,159.5,stressed,93.57864231265489,26.134386917287518,7.603886740582962,0.11511323601007462,7.2,1808.822397645085,3028.0252659574467,2898.409089164391,0.03148479055851064,0.5529809594154358,0.22090542316436768,0.13018399477005005,0.3431728412918119,31.650641025641026,0.11965811965811966,0.01844603989055086,160.20578243553166,703.125,1.1936106087024565,0.39895875717201823,0.32721394290087186,1.5948931995321691,0.4954633814746345,0.682878715010544,0.7266449812303385,0.2285305050899701,0.5717587825233024,0.7266763380779577,0.21672194336237363,0.19915671643395746,0.24243414665950308,0.35102698868800625,0.20474761781181006,0.5332535479604135,0.26297343343483437,0.1977335929472673,6.025565563268171,-6.025565563268171
158.0,160.5,stressed,87.6587248663034,28.296329123609578,6.819280285164051,0.1017506867647171,8.0,1583.8103374573736,2498.936170212766,2574.1418140060496,0.030026180186170214,0.5689522624015808,0.21442294120788574,0.12863905727863312,0.4873130072750698,34.25480769230769,0.11965811965811966,0.016325601152601454,152.44360638553962,656.25,0.6454810221395204,0.1615296799488371,0.05732038489839121,1.007504808020443,0.9370162395763818,0.008085549379408825,0.03893120508619403,0.7053334039303056,0.41673775921282763,1.0136771187543592,0.3927887806963626,0.2660534603546444,0.29227135881809213,0.11468361419045082,0.20474761781181006,0.14292237554356158,0.08217537401725937,0.04384138486161119,4.0350649368346465,-4.0350649368346465
159.0,161.5,stressed,80.2507014170459,29.906486419143505,7.716790900190921,0.07821297645568848,6.4,1641.2463485189076,2694.5146276595747,2689.224287024056,0.029346742021276597,0.582091212272644,0.16520562767982483,0.14674459397792816,0.40388727551553844,43.87019230769231,0.18803418803418803,0.012412061807273441,151.7496637772655,656.25,0.04043341286541581,0.015301208381506715,0.3660513818990032,0.027161373142011634,0.053910523372887174,0.16828824631633574,0.2931454774742562,0.37390505347515346,0.3445271116023928,1.2497811406700707,1.7295509642449385,0.5179274183853056,0.017206556418246685,0.7579688454928302,1.5027234252733561,0.5774834412444408,0.06601193271998824,0.04384138486161119,5.655556891761403,-5.655556891761403
160.0,162.5,stressed,71.64776917968501,28.508738193714702,8.343852677158537,0.07305609434843063,4.8,1248.5695506152076,1981.216755319149,2496.193953053181,0.016632729388297872,0.600768506526947,0.17013531923294067,0.1392461359500885,0.6859236087039098,36.7588141025641,0.1282051282051282,0.01501845077912242,158.15140063157608,492.1875,0.8369853467779074,0.1382024654833358,0.581751791836095,0.2538466134040947,0.8291951928306079,1.0375388305976074,0.6340041788844474,0.9298170311901636,1.006717392153726,1.585407985678141,1.5956585436233424,0.1932395722586973,1.0290415803991617,0.11256963051873684,0.008686262573835327,0.09769836424664469,0.21512238740524492,0.4947813434381852,6.912098496500638,-6.912098496500638
161.0,163.5,stressed,75.1723258963704,27.34262949408271,6.617620561734291,0.08742012828588486,4.8,1141.885143566966,1649.7007978723404,2383.1586013751826,0.016807263962765957,0.5607288479804993,0.2285652607679367,0.13824181258678436,0.7388682480344727,38.16105769230769,0.1452991452991453,0.015041173598867068,202.4496905401626,750.0,0.5106440027571327,0.266266995462868,0.012047716633726575,0.37756485122136973,0.8291951928306079,1.365143994411811,1.0649109822592138,1.2553498353374577,0.988167867996917,0.8659041812098538,0.008677649462900321,0.14975175270497498,1.2254461699350572,0.23983144755588215,0.4355540233451275,0.09351553891299576,1.2469264587645652,0.3516258010329234,7.059179179208595,-7.059179179208595
162.0,164.5,stressed,82.46252971228337,29.51659640954641,9.934464746306878,0.09919735789299011,6.4,1335.124784360774,1983.5106382978724,2501.388423894,0.02297623005319149,0.5658377408981323,0.22725233435630798,0.13780686259269714,0.6367264835057909,57.69230769230769,0.15384615384615385,0.009256868159154566,221.0909600135972,1921.875,0.16436142422541428,0.027517339184877938,1.128899916579635,0.8952660643925956,0.053910523372887174,0.7717460843589689,0.6310225734459334,0.9148573691572605,0.332530520121134,0.9577098564903737,0.0443372629411282,0.13091815035251275,0.846538851075538,2.012406756287547,0.6489879037307732,1.1582926925711021,1.6811224012645438,4.198931003174326,13.45105279052568,-13.45105279052568
163.0,165.5,stressed,82.57518506817466,29.74181022682215,6.606458837513369,0.08996148407459259,7.2,1397.8753878417147,2046.841755319149,2425.6624448544435,0.0264399102393617,0.49284103512763977,0.28574246168136597,0.14954350888729095,0.5113996672055828,81.63060897435898,0.23076923076923078,0.006540603321531708,241.01560422135708,1898.4375,0.17479226793369118,0.002783880234253451,0.015887192389529108,0.4892772843491034,0.4954633814746345,0.5790523036875549,0.5487043363391416,1.1329421535862036,0.03558920332411015,0.3540247941584182,1.5442783016711241,0.6391221560285166,0.38162375816878974,4.184947775707383,2.5698928272015857,1.6583037608886524,2.1452109486187756,4.121984899131498,17.418674822758753,-17.418674822758753
164.0,166.5,stressed,78.11235388611881,33.45813568287745,7.542379670941428,0.07662496715784073,5.6,1644.3218359253976,2814.8936170212764,2919.0133681240095,0.02675989029255319,0.4720419943332672,0.27726686000823975,0.1674381047487259,0.2948405951521912,43.068910256410255,0.16666666666666666,0.012584900819638927,191.2309176830094,726.5625,0.2384246109989835,0.40535086134763293,0.30605637817117964,0.0969667830260968,0.3876423347288606,0.17773241518307653,0.44961494548669345,0.2878691863749621,0.06959666427826,0.7277789550107671,1.3140775250075112,1.4139691667051053,0.4217285017524146,0.6852478071858901,0.9691387243092415,0.5456671698622111,0.9856166986462099,0.27467969699009537,7.009361462602642,-7.009361462602642
165.0,167.5,stressed,83.89350289960643,35.70094685262775,8.92454916481712,0.08931552618741989,5.2,1667.458616390646,2916.223404255319,3083.1539528940516,0.023094664228723406,0.4964194595813751,0.24860815703868866,0.17611849308013916,0.30155724457537647,48.27724358974359,0.14957264957264957,0.011233889704176245,182.97090131451586,1476.5625,0.2968563025169089,0.6516611396069082,0.7815031959843575,0.46088239072785014,0.608418763779734,0.24878055580800865,0.5813241248575609,0.7605809888452411,0.31994334301472777,0.28972129852600204,0.5356955367788148,1.7898353221740206,0.39681227246655937,1.1579345561810008,0.54227096353795,0.7943618117817978,0.793222849220111,2.7369550263605933,10.3295828495018,-10.3295828495018
166.0,168.5,stressed,89.47354442778489,33.662907679437836,6.486692851231472,0.11123845726251602,6.8,1852.2885874527576,3300.0997340425533,3189.423012094217,0.027165059840425533,0.48057135939598083,0.26768213510513306,0.17601735889911652,0.1875484385710065,56.69070512820513,0.14957264957264957,0.009642967074751102,211.3721802004655,1453.125,0.813516523468049,0.42783935620300323,0.05708500301426998,1.4245664142607881,0.27468695242376057,0.8163541555768752,1.08028931324188,1.0666274099159883,0.1126580596422809,0.5745081521341078,1.0537525118821127,1.7854561499116561,0.8197418273731665,1.921505458403872,0.54227096353795,1.087219456784336,1.4547507602705578,2.660008922317765,13.303592336762813,-13.303592336762813
167.0,169.5,stressed,90.31459915087157,35.57512179962316,10.508396125709332,0.09863452613353729,8.8,2342.359575517564,4024.468085106383,3247.472367882064,0.04956366356382979,0.4416423738002777,0.26733171939849854,0.17125757038593292,-0.186523503068139,52.78445512820513,0.17094017094017094,0.010022098081069311,214.769659459104,820.3125,0.8913904096869241,0.6378427654898402,1.3263242188733202,0.8705252132416399,1.3785690976781295,2.321258112656192,2.0218284567168885,1.2338049281705719,2.4931803264327628,1.2740534094371199,1.0442350792639463,1.5793543787707163,2.2074072659045556,1.5669903966575391,1.0758556645020647,1.0174288763977128,1.5338854839507727,0.5824641131614076,16.49948163689454,-16.49948163689454
168.0,170.5,stressed,90.95831854495411,46.311887724004514,12.519671036379131,0.08974572271108627,8.4,2361.941315681728,4038.8297872340427,3228.5331178325387,0.05092046210106383,0.44086992740631104,0.26395732164382935,0.1706657111644745,-0.20402136742517735,60.1963141025641,0.19658119658119658,0.009343873597040439,224.06033448317208,914.0625,0.950992870116244,1.816977165258993,2.018174429909335,0.4797928874774224,1.1577926686272557,2.38138947928925,2.040495899462366,1.1792613974472639,2.637380793985099,1.2879341002167903,0.952585068579775,1.5537265103326934,2.2723177254005944,2.2396600009967345,1.716157305659002,1.1422766983483799,1.7502856279584014,0.8902485293327198,19.355327012077147,-19.355327012077147
169.0,171.5,stressed,76.40306428679224,33.86163753783717,8.283421593850521,0.07707616686820984,6.0,1974.1114962132112,3474.434840425532,3272.6741074441625,0.032072805851063826,0.4883114993572235,0.23678699135780334,0.16078686714172363,0.11048983765093462,55.28846153846154,0.1752136752136752,0.00972789044641832,196.41342896756564,914.0625,0.39668901415761654,0.4496642906339368,0.5609643512341227,0.07713303220071846,0.16686590567798673,1.1904464440848326,1.306891326568923,1.3063839295825392,0.6342530127182654,0.4354195496983309,0.2146278856836308,1.125966486063837,1.1056000950898084,1.7942436413667266,1.1825726046948872,1.071586730106029,1.106328722841849,0.8902485293327198,10.674128866479453,-10.674128866479453
170.0,172.5,stressed,65.98343319401084,33.231679384447354,8.938620354266133,0.03166068717837334,4.8,1953.6847308545555,3960.438829787234,3683.9999502331593,0.021708776595744682,0.43848419189453125,0.25050097703933716,0.1542879194021225,0.028945953961105775,35.75721153846154,0.13247863247863248,0.015534757352757337,109.42983492533412,468.75,1.361450454630832,0.3804809504821133,0.7863434867562366,2.0734980277508472,0.8291951928306079,1.1277201844873013,1.9386027744766359,2.490969574990091,0.46723539792653224,1.3308052394696235,0.5871052951698066,0.8445580503793046,1.40809706565692,0.021668332635061904,0.11540320276665854,0.00265645305786064,0.919709452885656,0.5717274474810132,10.512515624688504,-10.512515624688504
171.0,173.5,stressed,54.905817025962335,16.21736867763756,6.375516422094837,0.022110046818852425,12.0,1957.8978646995322,3811.336436170213,3853.1484907328313,0.020351978058510637,0.40545716881752014,0.2269338071346283,0.13950394093990326,-0.026025552497045204,26.642628205128204,0.07264957264957266,0.020415874876097327,43.51811262890983,398.4375,2.387135225630053,1.4880667280327287,0.09532812709062824,2.4933232553835905,3.144780530085119,1.1406578240322314,1.7447984209732437,2.9781038908379194,0.6114358654788686,1.9242935362443128,0.05298859138329187,0.20440268693545735,1.612020565724102,0.8055334781063819,1.378633959932862,0.8958615241378564,2.4549376424183897,0.8025657596094974,17.407125475243404,-17.407125475243404
